,Loeb_ko_sorted.bam,Loeb_wt_sorted.bam
142903034,0,0
142903035,0,0
142903036,0,0
142903037,0,0
142903038,0,0
142903039,0,0
142903040,0,0
142903041,0,0
142903042,0,0
142903043,0,0
142903044,0,0
142903045,0,0
142903046,0,0
142903047,0,0
142903048,0,0
142903049,0,0
142903050,0,0
142903051,0,0
142903052,0,0
142903053,0,0
142903054,0,0
142903055,0,0
142903056,0,0
142903057,0,0
142903058,0,0
142903059,0,0
142903060,0,0
142903061,0,0
142903062,0,0
142903063,0,0
142903064,0,0
142903065,0,0
142903066,0,0
142903067,0,0
142903068,0,0
142903069,0,0
142903070,0,0
142903071,0,0
142903072,0,0
142903073,0,0
142903074,0,0
142903075,0,0
142903076,0,0
142903077,0,0
142903078,0,0
142903079,0,0
142903080,0,0
142903081,0,0
142903082,0,0
142903083,0,0
142903084,0,0
142903085,0,0
142903086,0,0
142903087,0,0
142903088,0,0
142903089,0,0
142903090,0,0
142903091,0,0
142903092,0,0
142903093,0,0
142903094,0,0
142903095,0,0
142903096,0,0
142903097,0,0
142903098,0,0
142903099,0,0
142903100,0,0
142903101,0,0
142903102,0,0
142903103,0,0
142903104,0,0
142903105,0,0
142903106,0,0
142903107,0,0
142903108,0,0
142903109,0,4
142903110,0,6
142903111,0,18
142903112,66,104
142903113,367,195
142903114,449,339
142903115,529,482
142903116,719,766
142903117,889,951
142903118,1605,1161
142903119,1626,1221
142903120,1635,1234
142903121,1677,1279
142903122,1672,1288
142903123,1688,1298
142903124,1690,1307
142903125,1687,1331
142903126,1693,1340
142903127,1689,1333
142903128,1700,1340
142903129,1705,1330
142903130,1698,1331
142903131,1697,1333
142903132,1697,1313
142903133,1719,1329
142903134,1719,1329
142903135,1717,1296
142903136,1672,1298
142903137,1677,1291
142903138,1596,1267
142903139,1606,1231
142903140,1599,1095
142903141,1004,850
142903142,840,617
142903143,461,395
142903144,256,329
142903145,218,296
142903146,110,245
142903147,75,159
142903148,71,155
142903149,71,155
142903150,45,142
142903151,45,120
142903152,46,89
142903153,46,87
142903154,47,95
142903155,42,93
142903156,41,89
142903157,42,88
142903158,20,83
142903159,5,84
142903160,5,88
142903161,5,78
142903162,5,81
142903163,5,70
142903164,5,74
142903165,5,50
142903166,5,49
142903167,5,50
142903168,5,47
142903169,5,43
142903170,2,18
142903171,1,14
142903172,1,14
142903173,1,14
142903174,1,14
142903175,1,8
142903176,1,6
142903177,0,6
142903178,0,6
142903179,0,6
142903180,0,6
142903181,0,6
142903182,0,6
142903183,36,6
142903184,36,10
142903185,35,20
142903186,36,20
142903187,34,21
142903188,36,22
142903189,57,58
142903190,81,55
142903191,88,55
142903192,90,56
142903193,262,58
142903194,261,55
142903195,261,62
142903196,267,63
142903197,263,63
142903198,265,64
142903199,257,63
142903200,267,60
142903201,269,65
142903202,268,65
142903203,268,65
142903204,269,65
142903205,271,63
142903206,271,64
142903207,274,64
142903208,275,64
142903209,276,60
142903210,267,54
142903211,279,54
142903212,273,60
142903213,263,61
142903214,254,62
142903215,74,40
142903216,51,43
142903217,52,42
142903218,53,42
142903219,53,41
142903220,53,38
142903221,73,36
142903222,73,29
142903223,85,29
142903224,86,28
142903225,87,28
142903226,83,30
142903227,88,29
142903228,88,27
142903229,88,27
142903230,90,27
142903231,90,27
142903232,87,26
142903233,85,26
142903234,88,26
142903235,88,26
142903236,87,26
142903237,87,26
142903238,86,26
142903239,87,27
142903240,87,27
142903241,86,25
142903242,53,20
142903243,45,15
142903244,44,33
142903245,46,34
142903246,46,34
142903247,46,32
142903248,15,32
142903249,26,84
142903250,38,84
142903251,27,115
142903252,28,118
142903253,27,120
142903254,28,119
142903255,28,119
142903256,35,121
142903257,36,117
142903258,36,123
142903259,36,122
142903260,61,153
142903261,62,156
142903262,64,162
142903263,65,164
142903264,108,200
142903265,108,171
142903266,107,194
142903267,107,193
142903268,109,194
142903269,126,193
142903270,130,196
142903271,129,177
142903272,130,180
142903273,120,184
142903274,123,184
142903275,120,163
142903276,122,167
142903277,111,167
142903278,110,106
142903279,117,103
142903280,115,103
142903281,84,101
142903282,84,99
142903283,83,101
142903284,83,100
142903285,82,100
142903286,81,99
142903287,81,99
142903288,79,105
142903289,81,100
142903290,81,46
142903291,101,42
142903292,99,39
142903293,101,27
142903294,103,29
142903295,103,28
142903296,56,29
142903297,52,33
142903298,53,33
142903299,53,32
142903300,53,33
142903301,55,33
142903302,56,33
142903303,51,31
142903304,51,31
142903305,51,31
142903306,51,29
142903307,115,31
142903308,110,31
142903309,110,31
142903310,111,31
142903311,110,42
142903312,108,42
142903313,109,44
142903314,110,45
142903315,137,39
142903316,136,38
142903317,137,36
142903318,137,37
142903319,140,44
142903320,139,75
142903321,138,73
142903322,152,79
142903323,160,83
142903324,147,86
142903325,148,109
142903326,187,145
142903327,214,178
142903328,232,192
142903329,243,199
142903330,246,199
142903331,247,207
142903332,249,210
142903333,186,208
142903334,194,219
142903335,195,219
142903336,195,218
142903337,197,228
142903338,201,226
142903339,215,228
142903340,222,268
142903341,221,265
142903342,218,264
142903343,243,265
142903344,240,259
142903345,250,319
142903346,244,315
142903347,242,317
142903348,216,319
142903349,195,302
142903350,195,300
142903351,195,311
142903352,198,294
142903353,182,283
142903354,150,256
142903355,152,249
142903356,149,236
142903357,98,158
142903358,81,149
142903359,75,157
142903360,93,143
142903361,98,155
142903362,146,204
142903363,148,206
142903364,154,201
142903365,152,201
142903366,151,201
142903367,149,197
142903368,145,198
142903369,314,195
142903370,295,163
142903371,275,140
142903372,269,115
142903373,262,109
142903374,264,108
142903375,265,110
142903376,259,76
142903377,258,69
142903378,265,64
142903379,259,65
142903380,307,66
142903381,305,66
142903382,310,68
142903383,309,59
142903384,311,59
142903385,308,59
142903386,304,51
142903387,306,39
142903388,305,38
142903389,308,42
142903390,305,42
142903391,304,39
142903392,111,38
142903393,86,14
142903394,85,13
142903395,69,5
142903396,70,5
142903397,70,4
142903398,68,4
142903399,67,4
142903400,67,4
142903401,68,3
142903402,66,4
142903403,67,4
142903404,68,5
142903405,68,5
142903406,68,4
142903407,27,5
142903408,27,3
142903409,28,5
142903410,28,5
142903411,24,4
142903412,24,4
142903413,0,0
142903414,0,0
142903415,0,0
142903416,0,0
142903417,0,0
142903418,0,0
142903419,0,0
142903420,0,0
142903421,0,0
142903422,0,0
142903423,0,0
142903424,10,0
142903425,10,0
142903426,10,0
142903427,12,0
142903428,12,0
142903429,12,0
142903430,11,0
142903431,12,0
142903432,12,0
142903433,12,0
142903434,12,0
142903435,12,5
142903436,12,5
142903437,12,5
142903438,12,5
142903439,12,4
142903440,14,5
142903441,14,4
142903442,13,5
142903443,14,5
142903444,14,5
142903445,14,5
142903446,14,5
142903447,14,5
142903448,14,5
142903449,14,5
142903450,14,5
142903451,14,4
142903452,14,5
142903453,14,5
142903454,14,4
142903455,14,4
142903456,2,5
142903457,21,8
142903458,20,18
142903459,30,18
142903460,31,18
142903461,30,18
142903462,31,19
142903463,31,20
142903464,31,19
142903465,31,20
142903466,31,45
142903467,30,44
142903468,31,43
142903469,31,45
142903470,30,45
142903471,29,44
142903472,29,46
142903473,31,44
142903474,30,46
142903475,29,45
142903476,30,44
142903477,11,56
142903478,11,58
142903479,11,58
142903480,11,109
142903481,15,112
142903482,15,104
142903483,15,103
142903484,16,104
142903485,16,94
142903486,16,92
142903487,17,92
142903488,17,93
142903489,17,92
142903490,17,93
142903491,16,93
142903492,16,66
142903493,16,66
142903494,17,66
142903495,16,66
142903496,16,66
142903497,16,66
142903498,17,66
142903499,16,59
142903500,19,60
142903501,19,19
142903502,19,19
142903503,18,19
142903504,18,19
142903505,19,20
142903506,19,14
142903507,19,14
142903508,2,14
142903509,2,14
142903510,2,1
142903511,2,1
142903512,2,1
142903513,28,2
142903514,29,2
142903515,29,2
142903516,41,2
142903517,41,2
142903518,50,101
142903519,295,102
142903520,295,107
142903521,364,112
142903522,370,116
142903523,376,129
142903524,411,177
142903525,467,186
142903526,506,198
142903527,502,195
142903528,501,199
142903529,522,201
142903530,589,205
142903531,589,210
142903532,579,233
142903533,591,242
142903534,591,243
142903535,584,249
142903536,590,250
142903537,624,314
142903538,602,315
142903539,601,316
142903540,600,314
142903541,583,318
142903542,586,316
142903543,587,326
142903544,586,303
142903545,576,254
142903546,549,221
142903547,536,172
142903548,210,172
142903549,160,170
142903550,164,164
142903551,163,162
142903552,160,158
142903553,151,157
142903554,150,161
142903555,170,161
142903556,149,145
142903557,139,128
142903558,137,64
142903559,139,57
142903560,67,58
142903561,64,57
142903562,64,54
142903563,62,54
142903564,59,24
142903565,62,37
142903566,65,35
142903567,46,36
142903568,55,68
142903569,60,70
142903570,68,82
142903571,73,86
142903572,76,92
142903573,76,93
142903574,77,95
142903575,77,98
142903576,76,97
142903577,76,101
142903578,71,164
142903579,82,163
142903580,189,160
142903581,165,186
142903582,163,231
142903583,163,261
142903584,170,272
142903585,167,261
142903586,168,261
142903587,167,262
142903588,164,263
142903589,165,263
142903590,168,262
142903591,167,267
142903592,160,266
142903593,159,263
142903594,160,267
142903595,169,266
142903596,163,267
142903597,149,250
142903598,142,188
142903599,145,152
142903600,138,145
142903601,139,130
142903602,24,131
142903603,24,132
142903604,25,132
142903605,27,88
142903606,29,91
142903607,28,89
142903608,28,47
142903609,18,50
142903610,17,62
142903611,18,53
142903612,33,55
142903613,33,55
142903614,33,54
142903615,28,61
142903616,27,60
142903617,31,55
142903618,33,94
142903619,33,94
142903620,33,98
142903621,33,98
142903622,33,98
142903623,33,101
142903624,29,161
142903625,27,160
142903626,28,158
142903627,26,158
142903628,25,153
142903629,25,152
142903630,23,151
142903631,23,154
142903632,22,152
142903633,22,151
142903634,22,151
142903635,22,149
142903636,6,134
142903637,6,123
142903638,6,120
142903639,7,120
142903640,3,117
142903641,5,112
142903642,4,109
142903643,2,106
142903644,2,108
142903645,2,107
142903646,2,106
142903647,2,106
142903648,2,105
142903649,2,107
142903650,2,3
142903651,2,3
142903652,2,3
142903653,2,3
142903654,2,1
142903655,2,1
142903656,2,0
142903657,2,0
142903658,2,0
142903659,2,0
142903660,2,0
142903661,2,0
142903662,2,0
142903663,2,0
142903664,2,0
142903665,2,0
142903666,2,0
142903667,2,0
142903668,2,0
142903669,2,0
142903670,2,0
142903671,1,0
142903672,0,0
142903673,0,0
142903674,0,0
142903675,0,0
142903676,0,0
142903677,0,0
142903678,9,0
142903679,9,0
142903680,9,0
142903681,9,0
142903682,9,0
142903683,9,0
142903684,9,0
142903685,17,0
142903686,17,0
142903687,16,4
142903688,17,4
142903689,18,4
142903690,18,4
142903691,27,4
142903692,27,4
142903693,27,4
142903694,27,4
142903695,27,4
142903696,42,5
142903697,45,6
142903698,45,6
142903699,45,9
142903700,43,9
142903701,48,15
142903702,48,15
142903703,118,81
142903704,109,84
142903705,114,84
142903706,117,87
142903707,116,87
142903708,118,106
142903709,109,101
142903710,107,104
142903711,111,107
142903712,112,107
142903713,111,108
142903714,111,103
142903715,111,108
142903716,100,104
142903717,95,108
142903718,96,109
142903719,93,106
142903720,93,109
142903721,95,110
142903722,96,111
142903723,100,111
142903724,99,107
142903725,74,71
142903726,77,48
142903727,79,59
142903728,78,40
142903729,77,57
142903730,40,63
142903731,40,77
142903732,42,84
142903733,51,88
142903734,104,99
142903735,107,131
142903736,107,151
142903737,138,159
142903738,138,166
142903739,137,170
142903740,138,213
142903741,138,213
142903742,168,221
142903743,167,221
142903744,168,219
142903745,172,219
142903746,171,224
142903747,171,223
142903748,152,225
142903749,155,213
142903750,156,215
142903751,155,211
142903752,154,211
142903753,155,210
142903754,158,201
142903755,107,200
142903756,107,195
142903757,106,190
142903758,108,181
142903759,109,172
142903760,108,174
142903761,108,168
142903762,107,152
142903763,92,138
142903764,98,134
142903765,101,135
142903766,63,132
142903767,82,143
142903768,81,125
142903769,81,111
142903770,81,148
142903771,55,165
142903772,54,159
142903773,63,146
142903774,106,145
142903775,111,185
142903776,131,193
142903777,252,207
142903778,373,241
142903779,530,258
142903780,538,262
142903781,586,268
142903782,603,287
142903783,639,288
142903784,678,288
142903785,660,282
142903786,654,275
142903787,661,276
142903788,642,274
142903789,680,275
142903790,689,276
142903791,683,250
142903792,667,245
142903793,682,248
142903794,678,243
142903795,682,246
142903796,677,232
142903797,682,230
142903798,677,202
142903799,672,204
142903800,663,188
142903801,641,189
142903802,636,150
142903803,614,151
142903804,611,152
142903805,608,150
142903806,579,93
142903807,473,105
142903808,214,96
142903809,40,78
142903810,32,77
142903811,31,55
142903812,32,52
142903813,32,50
142903814,32,52
142903815,65,49
142903816,65,48
142903817,65,49
142903818,100,75
142903819,98,76
142903820,98,74
142903821,98,80
142903822,99,81
142903823,99,82
142903824,101,83
142903825,101,81
142903826,105,82
142903827,104,81
142903828,101,80
142903829,104,81
142903830,107,84
142903831,107,113
142903832,114,108
142903833,114,88
142903834,115,94
142903835,115,96
142903836,130,103
142903837,116,100
142903838,105,103
142903839,106,108
142903840,101,93
142903841,108,96
142903842,106,97
142903843,107,110
142903844,108,110
142903845,108,112
142903846,110,112
142903847,69,113
142903848,71,99
142903849,69,99
142903850,36,90
142903851,32,52
142903852,32,53
142903853,32,53
142903854,32,52
142903855,32,53
142903856,32,50
142903857,32,52
142903858,33,52
142903859,18,54
142903860,18,53
142903861,14,56
142903862,14,46
142903863,5,41
142903864,5,40
142903865,2,37
142903866,2,17
142903867,2,15
142903868,2,11
142903869,2,11
142903870,2,11
142903871,2,13
142903872,2,11
142903873,2,13
142903874,4,13
142903875,4,14
142903876,4,15
142903877,5,15
142903878,5,15
142903879,11,15
142903880,11,15
142903881,40,29
142903882,38,28
142903883,42,28
142903884,45,47
142903885,42,49
142903886,45,51
142903887,45,51
142903888,43,117
142903889,73,134
142903890,86,165
142903891,114,180
142903892,125,185
142903893,131,203
142903894,144,231
142903895,218,232
142903896,237,236
142903897,243,258
142903898,245,268
142903899,243,266
142903900,241,275
142903901,243,277
142903902,250,278
142903903,293,279
142903904,289,328
142903905,290,333
142903906,296,337
142903907,300,350
142903908,304,350
142903909,317,354
142903910,312,355
142903911,378,429
142903912,357,418
142903913,356,390
142903914,375,346
142903915,373,315
142903916,363,274
142903917,355,292
142903918,339,285
142903919,306,275
142903920,238,260
142903921,218,258
142903922,214,249
142903923,214,235
142903924,212,231
142903925,211,235
142903926,208,235
142903927,196,222
142903928,176,218
142903929,173,181
142903930,171,179
142903931,171,180
142903932,168,177
142903933,162,177
142903934,160,174
142903935,162,169
142903936,101,126
142903937,100,123
142903938,95,87
142903939,78,85
142903940,78,81
142903941,73,86
142903942,60,66
142903943,0,3
142903944,0,1
142903945,0,1
142903946,0,1
142903947,0,1
142903948,0,1
142903949,0,1
142903950,0,1
142903951,0,1
142903952,0,1
142903953,0,1
142903954,0,1
142903955,0,1
142903956,0,1
142903957,0,1
142903958,0,1
142903959,0,1
142903960,0,1
142903961,0,1
142903962,0,0
142903963,0,0
142903964,0,0
142903965,0,0
142903966,0,0
142903967,0,0
142903968,0,0
142903969,0,0
142903970,0,0
142903971,0,0
142903972,0,0
142903973,0,0
142903974,0,0
142903975,0,0
142903976,0,0
142903977,0,0
142903978,0,0
142903979,0,0
142903980,0,0
142903981,0,0
142903982,0,0
142903983,0,0
142903984,0,0
142903985,0,0
142903986,0,0
142903987,0,0
142903988,0,0
142903989,0,0
142903990,0,0
142903991,0,0
142903992,0,0
142903993,0,0
142903994,0,0
142903995,0,0
142903996,0,0
142903997,0,0
142903998,0,0
142903999,0,0
142904000,0,0
142904001,0,0
142904002,0,0
142904003,0,0
142904004,0,0
142904005,0,0
142904006,0,0
142904007,0,0
142904008,0,0
142904009,0,0
142904010,0,0
142904011,0,0
142904012,0,0
142904013,0,0
142904014,0,0
142904015,0,0
142904016,0,0
142904017,0,0
142904018,0,0
142904019,0,0
142904020,0,0
142904021,0,0
142904022,0,0
142904023,0,0
142904024,0,0
142904025,0,0
142904026,0,0
142904027,0,0
142904028,0,0
142904029,0,0
142904030,0,0
142904031,0,0
142904032,0,0
142904033,0,0
142904034,0,0
142904035,0,0
142904036,0,0
142904037,0,0
142904038,0,0
142904039,0,0
142904040,0,0
142904041,0,0
142904042,0,0
142904043,0,0
142904044,0,0
142904045,0,0
142904046,0,0
142904047,0,0
142904048,0,0
142904049,0,0
142904050,0,0
142904051,0,0
142904052,0,0
142904053,0,0
142904054,0,0
142904055,0,0
142904056,0,0
142904057,0,0
142904058,0,0
142904059,0,0
142904060,0,0
142904061,0,0
142904062,0,0
142904063,0,0
142904064,0,0
142904065,0,0
142904066,0,2
142904067,0,8
142904068,0,14
142904069,2,29
142904070,2,37
142904071,21,44
142904072,22,60
142904073,30,75
142904074,33,81
142904075,40,82
142904076,44,85
142904077,46,86
142904078,50,92
142904079,51,94
142904080,58,97
142904081,70,106
142904082,70,107
142904083,73,111
142904084,73,117
142904085,76,119
142904086,81,134
142904087,113,214
142904088,117,226
142904089,115,226
142904090,120,228
142904091,147,223
142904092,143,221
142904093,161,221
142904094,159,221
142904095,159,216
142904096,163,214
142904097,164,209
142904098,162,208
142904099,152,203
142904100,139,190
142904101,129,158
142904102,127,149
142904103,124,140
142904104,125,137
142904105,121,133
142904106,121,132
142904107,119,140
142904108,113,121
142904109,93,87
142904110,88,83
142904111,86,80
142904112,85,86
142904113,52,78
142904114,49,26
142904115,39,27
142904116,34,27
142904117,18,30
142904118,14,32
142904119,12,31
142904120,12,35
142904121,12,35
142904122,12,37
142904123,12,36
142904124,8,36
142904125,7,35
142904126,5,37
142904127,7,36
142904128,7,35
142904129,7,37
142904130,5,35
142904131,4,35
142904132,4,34
142904133,2,33
142904134,10,39
142904135,10,38
142904136,12,36
142904137,11,37
142904138,37,61
142904139,252,140
142904140,250,156
142904141,301,278
142904142,330,309
142904143,340,312
142904144,530,368
142904145,559,462
142904146,585,514
142904147,626,557
142904148,658,641
142904149,712,737
142904150,1049,747
142904151,1048,756
142904152,1059,771
142904153,1067,791
142904154,1092,809
142904155,1138,850
142904156,1281,975
142904157,1289,983
142904158,1297,991
142904159,1432,1222
142904160,1439,1242
142904161,1437,1223
142904162,1453,1257
142904163,1447,1211
142904164,1458,1236
142904165,1629,1346
142904166,1611,1346
142904167,1595,1366
142904168,1525,1438
142904169,1517,1410
142904170,1684,1509
142904171,1451,1479
142904172,1444,1466
142904173,1328,1461
142904174,1277,1454
142904175,1275,1455
142904176,1331,1465
142904177,1458,1538
142904178,1454,1529
142904179,1186,1570
142904180,1732,1816
142904181,1812,1847
142904182,2066,2004
142904183,2151,2012
142904184,2182,2044
142904185,2239,2023
142904186,2276,2038
142904187,2234,1983
142904188,2249,1980
142904189,2286,1981
142904190,2287,1867
142904191,2186,1771
142904192,2124,1589
142904193,1985,1434
142904194,1835,1420
142904195,1797,1384
142904196,1760,1367
142904197,1769,1267
142904198,1744,1274
142904199,2102,1430
142904200,2091,1370
142904201,2086,1333
142904202,2086,1243
142904203,2037,1184
142904204,1992,1103
142904205,1885,1070
142904206,1835,1036
142904207,1269,949
142904208,1281,887
142904209,1098,840
142904210,1053,819
142904211,886,758
142904212,880,667
142904213,770,462
142904214,662,428
142904215,660,399
142904216,550,356
142904217,531,322
142904218,526,316
142904219,525,319
142904220,515,291
142904221,510,277
142904222,505,274
142904223,508,264
142904224,492,253
142904225,493,253
142904226,499,256
142904227,490,252
142904228,377,178
142904229,266,154
142904230,166,139
142904231,127,76
142904232,123,62
142904233,120,62
142904234,122,60
142904235,119,58
142904236,135,48
142904237,74,22
142904238,20,19
142904239,18,17
142904240,19,10
142904241,16,9
142904242,19,9
142904243,18,9
142904244,19,8
142904245,15,2
142904246,16,2
142904247,15,2
142904248,17,1
142904249,16,0
142904250,17,0
142904251,18,1
142904252,18,0
142904253,18,0
142904254,18,0
142904255,18,0
142904256,18,0
142904257,18,0
142904258,18,0
142904259,18,0
142904260,17,0
142904261,18,0
142904262,18,0
142904263,18,0
142904264,18,0
142904265,17,0
142904266,0,0
142904267,0,0
142904268,0,0
142904269,0,0
142904270,0,0
142904271,0,0
142904272,0,0
142904273,0,0
142904274,0,0
142904275,0,0
142904276,0,0
142904277,0,0
142904278,0,0
142904279,0,0
142904280,0,0
142904281,0,0
142904282,0,0
142904283,0,0
142904284,0,0
142904285,0,0
142904286,0,0
142904287,0,0
142904288,0,0
142904289,0,0
142904290,0,0
142904291,0,0
142904292,0,0
142904293,0,0
142904294,0,0
142904295,0,0
142904296,0,0
142904297,0,0
142904298,0,0
142904299,0,0
142904300,0,0
142904301,0,0
142904302,0,0
142904303,0,0
142904304,0,0
142904305,0,0
142904306,0,0
142904307,0,0
142904308,0,0
142904309,0,1
142904310,0,1
142904311,0,1
142904312,0,1
142904313,0,1
142904314,0,1
142904315,0,1
142904316,0,1
142904317,0,1
142904318,0,1
142904319,0,1
142904320,0,1
142904321,0,1
142904322,0,1
142904323,0,1
142904324,0,1
142904325,0,1
142904326,0,5
142904327,0,5
142904328,0,5
142904329,0,5
142904330,0,5
142904331,0,5
142904332,0,5
142904333,0,5
142904334,0,5
142904335,0,5
142904336,0,5
142904337,0,5
142904338,0,5
142904339,0,4
142904340,0,4
142904341,0,6
142904342,0,6
142904343,0,6
142904344,0,6
142904345,0,7
142904346,0,7
142904347,0,7
142904348,0,7
142904349,0,7
142904350,0,7
142904351,0,3
142904352,0,3
142904353,0,12
142904354,0,13
142904355,0,23
142904356,0,24
142904357,0,23
142904358,0,23
142904359,5,24
142904360,5,13
142904361,5,11
142904362,5,23
142904363,7,32
142904364,24,33
142904365,32,36
142904366,38,45
142904367,67,45
142904368,74,46
142904369,84,60
142904370,84,62
142904371,88,66
142904372,89,77
142904373,87,76
142904374,86,78
142904375,87,94
142904376,84,97
142904377,88,85
142904378,91,88
142904379,118,86
142904380,120,89
142904381,120,128
142904382,125,130
142904383,137,127
142904384,169,165
142904385,178,180
142904386,185,189
142904387,185,206
142904388,179,208
142904389,196,222
142904390,175,256
142904391,171,266
142904392,180,302
142904393,185,306
142904394,196,310
142904395,201,329
142904396,199,325
142904397,202,347
142904398,201,356
142904399,196,353
142904400,194,355
142904401,197,350
142904402,166,355
142904403,168,354
142904404,161,341
142904405,155,351
142904406,155,358
142904407,162,386
142904408,180,420
142904409,182,429
142904410,178,428
142904411,173,426
142904412,174,429
142904413,161,424
142904414,107,303
142904415,106,295
142904416,86,280
142904417,81,240
142904418,69,215
142904419,65,226
142904420,77,207
142904421,73,168
142904422,76,153
142904423,79,149
142904424,76,139
142904425,74,136
142904426,77,135
142904427,72,137
142904428,92,158
142904429,92,163
142904430,95,165
142904431,97,163
142904432,99,129
142904433,97,111
142904434,99,111
142904435,97,105
142904436,97,110
142904437,99,110
142904438,98,111
142904439,90,99
142904440,71,73
142904441,64,75
142904442,62,63
142904443,51,63
142904444,52,63
142904445,49,60
142904446,55,57
142904447,55,53
142904448,56,59
142904449,56,60
142904450,58,59
142904451,60,52
142904452,44,52
142904453,55,55
142904454,59,55
142904455,61,79
142904456,68,84
142904457,66,83
142904458,72,80
142904459,160,164
142904460,190,163
142904461,200,175
142904462,203,204
142904463,201,206
142904464,205,208
142904465,210,218
142904466,235,227
142904467,244,226
142904468,250,227
142904469,263,231
142904470,275,248
142904471,315,260
142904472,424,420
142904473,474,494
142904474,550,550
142904475,563,621
142904476,588,674
142904477,882,982
142904478,1308,1332
142904479,2007,1945
142904480,2536,2507
142904481,2707,2609
142904482,3008,2823
142904483,3036,2848
142904484,3129,2922
142904485,3339,3112
142904486,3334,3129
142904487,3292,3123
142904488,3310,3142
142904489,3329,3157
142904490,3297,3147
142904491,3261,3191
142904492,3255,3106
142904493,3282,3128
142904494,3294,3140
142904495,3302,3182
142904496,3327,3160
142904497,3311,3177
142904498,3574,3294
142904499,3486,3288
142904500,3493,3179
142904501,3478,3165
142904502,3263,2884
142904503,3056,2659
142904504,2978,2594
142904505,2656,2338
142904506,2297,2196
142904507,1913,1769
142904508,1512,1418
142904509,956,908
142904510,858,821
142904511,877,720
142904512,1104,739
142904513,1103,723
142904514,1116,704
142904515,1140,655
142904516,1146,636
142904517,1194,643
142904518,1170,627
142904519,1180,609
142904520,1137,558
142904521,1135,608
142904522,1020,574
142904523,1011,550
142904524,983,493
142904525,903,497
142904526,836,493
142904527,818,491
142904528,814,473
142904529,778,431
142904530,727,408
142904531,691,355
142904532,701,380
142904533,513,384
142904534,515,349
142904535,468,337
142904536,474,345
142904537,428,340
142904538,406,324
142904539,386,335
142904540,237,294
142904541,200,239
142904542,176,314
142904543,193,324
142904544,197,323
142904545,200,328
142904546,209,320
142904547,217,354
142904548,313,355
142904549,318,357
142904550,335,370
142904551,339,365
142904552,385,378
142904553,407,357
142904554,407,350
142904555,409,346
142904556,409,337
142904557,406,339
142904558,405,328
142904559,502,509
142904560,508,498
142904561,509,492
142904562,506,494
142904563,489,516
142904564,453,486
142904565,429,490
142904566,432,488
142904567,433,487
142904568,414,476
142904569,403,472
142904570,393,467
142904571,387,462
142904572,386,442
142904573,364,439
142904574,350,425
142904575,345,367
142904576,232,364
142904577,181,347
142904578,179,354
142904579,178,333
142904580,179,332
142904581,175,330
142904582,174,325
142904583,174,324
142904584,171,321
142904585,166,304
142904586,156,296
142904587,141,296
142904588,139,281
142904589,130,280
142904590,113,206
142904591,118,202
142904592,34,81
142904593,33,78
142904594,38,78
142904595,37,66
142904596,41,47
142904597,41,41
142904598,45,34
142904599,44,10
142904600,43,24
142904601,49,35
142904602,52,38
142904603,52,63
142904604,52,65
142904605,52,66
142904606,49,70
142904607,47,74
142904608,48,75
142904609,48,68
142904610,47,73
142904611,47,75
142904612,48,79
142904613,48,80
142904614,43,77
142904615,35,81
142904616,37,80
142904617,30,80
142904618,99,171
142904619,96,171
142904620,92,195
142904621,96,183
142904622,94,183
142904623,89,164
142904624,93,165
142904625,92,163
142904626,93,170
142904627,106,161
142904628,111,189
142904629,109,187
142904630,138,192
142904631,143,190
142904632,145,190
142904633,143,190
142904634,142,162
142904635,143,174
142904636,157,168
142904637,157,166
142904638,158,165
142904639,157,167
142904640,157,169
142904641,151,167
142904642,151,165
142904643,154,166
142904644,155,167
142904645,156,168
142904646,156,169
142904647,157,165
142904648,86,119
142904649,66,21
142904650,62,21
142904651,61,21
142904652,61,21
142904653,32,21
142904654,33,21
142904655,31,18
142904656,30,18
142904657,30,18
142904658,30,18
142904659,74,37
142904660,76,37
142904661,66,37
142904662,58,37
142904663,54,36
142904664,54,35
142904665,54,27
142904666,53,18
142904667,56,21
142904668,55,22
142904669,55,23
142904670,53,23
142904671,55,23
142904672,54,22
142904673,54,62
142904674,55,62
142904675,54,59
142904676,53,62
142904677,53,63
142904678,50,62
142904679,49,61
142904680,50,63
142904681,47,62
142904682,46,63
142904683,47,63
142904684,46,75
142904685,47,71
142904686,48,74
142904687,48,74
142904688,87,104
142904689,88,103
142904690,52,101
142904691,42,82
142904692,63,80
142904693,65,84
142904694,66,104
142904695,69,105
142904696,73,100
142904697,73,101
142904698,73,100
142904699,72,110
142904700,74,107
142904701,75,112
142904702,78,91
142904703,78,88
142904704,78,82
142904705,81,79
142904706,85,88
142904707,84,87
142904708,86,81
142904709,105,86
142904710,130,93
142904711,129,78
142904712,128,109
142904713,130,111
142904714,143,111
142904715,144,111
142904716,144,110
142904717,145,108
142904718,151,109
142904719,125,108
142904720,117,103
142904721,116,85
142904722,141,84
142904723,138,98
142904724,139,91
142904725,136,87
142904726,147,107
142904727,146,97
142904728,214,105
142904729,213,101
142904730,216,105
142904731,264,159
142904732,266,162
142904733,258,155
142904734,260,161
142904735,255,160
142904736,231,165
142904737,229,132
142904738,224,133
142904739,219,133
142904740,226,158
142904741,226,160
142904742,210,160
142904743,212,162
142904744,213,165
142904745,200,165
142904746,200,162
142904747,178,161
142904748,163,157
142904749,159,155
142904750,160,153
142904751,139,149
142904752,135,136
142904753,134,136
142904754,134,130
142904755,130,131
142904756,130,104
142904757,129,100
142904758,129,99
142904759,57,97
142904760,54,96
142904761,54,97
142904762,34,69
142904763,23,68
142904764,5,12
142904765,5,12
142904766,1,12
142904767,1,11
142904768,1,8
142904769,1,7
142904770,1,7
142904771,1,6
142904772,1,6
142904773,1,6
142904774,1,6
142904775,1,6
142904776,1,6
142904777,1,6
142904778,1,5
142904779,1,2
142904780,1,2
142904781,1,2
142904782,1,2
142904783,1,2
142904784,1,1
142904785,1,0
142904786,0,0
142904787,0,0
142904788,0,0
142904789,0,0
142904790,0,0
142904791,0,0
142904792,0,0
142904793,0,0
142904794,0,0
142904795,0,0
142904796,0,0
142904797,0,0
142904798,0,0
142904799,0,0
142904800,0,0
142904801,0,17
142904802,0,17
142904803,0,17
142904804,0,16
142904805,0,18
142904806,0,18
142904807,0,18
142904808,0,18
142904809,0,17
142904810,0,19
142904811,0,20
142904812,0,20
142904813,0,20
142904814,0,19
142904815,0,20
142904816,0,19
142904817,0,19
142904818,0,20
142904819,0,20
142904820,0,19
142904821,0,20
142904822,0,19
142904823,0,0
142904824,0,0
142904825,0,4
142904826,0,4
142904827,117,4
142904828,118,4
142904829,118,4
142904830,118,4
142904831,117,4
142904832,110,4
142904833,118,4
142904834,112,4
142904835,118,4
142904836,117,4
142904837,118,4
142904838,119,4
142904839,119,4
142904840,121,4
142904841,121,4
142904842,121,4
142904843,120,4
142904844,121,4
142904845,120,4
142904846,122,4
142904847,122,4
142904848,120,4
142904849,120,4
142904850,122,4
142904851,122,4
142904852,2,4
142904853,2,4
142904854,2,4
142904855,2,0
142904856,2,0
142904857,2,0
142904858,2,0
142904859,2,0
142904860,2,0
142904861,2,0
142904862,2,2
142904863,2,2
142904864,2,2
142904865,0,2
142904866,0,2
142904867,0,2
142904868,0,2
142904869,0,2
142904870,0,2
142904871,0,2
142904872,0,2
142904873,0,2
142904874,0,2
142904875,0,2
142904876,0,2
142904877,0,2
142904878,0,2
142904879,0,2
142904880,0,2
142904881,0,2
142904882,0,2
142904883,0,2
142904884,0,2
142904885,0,2
142904886,0,2
142904887,0,2
142904888,0,2
142904889,0,2
142904890,0,2
142904891,0,2
142904892,0,2
142904893,0,1
142904894,0,2
142904895,0,0
142904896,0,0
142904897,0,0
142904898,0,0
142904899,0,0
142904900,0,0
142904901,0,0
142904902,0,0
142904903,0,0
142904904,0,0
142904905,0,0
142904906,0,0
142904907,0,0
142904908,0,0
142904909,0,0
142904910,0,0
142904911,0,0
142904912,0,0
142904913,0,0
142904914,0,0
142904915,0,0
142904916,0,0
142904917,0,0
142904918,0,0
142904919,0,0
142904920,0,0
142904921,0,0
142904922,0,0
142904923,0,0
142904924,0,0
142904925,0,7
142904926,0,7
142904927,0,7
142904928,0,7
142904929,0,7
142904930,0,7
142904931,0,7
142904932,0,7
142904933,0,6
142904934,0,6
142904935,0,6
142904936,0,7
142904937,0,7
142904938,0,7
142904939,0,7
142904940,0,7
142904941,0,7
142904942,0,7
142904943,0,7
142904944,0,7
142904945,0,0
142904946,0,0
142904947,0,0
142904948,0,0
142904949,0,0
142904950,0,0
142904951,0,0
142904952,0,0
142904953,264,0
142904954,267,0
142904955,267,0
142904956,266,0
142904957,268,3
142904958,268,3
142904959,269,3
142904960,267,3
142904961,268,3
142904962,265,3
142904963,269,3
142904964,262,3
142904965,270,3
142904966,264,3
142904967,270,3
142904968,270,4
142904969,268,4
142904970,269,3
142904971,269,4
142904972,266,4
142904973,269,4
142904974,266,4
142904975,264,3
142904976,266,4
142904977,272,4
142904978,272,3
142904979,270,4
142904980,267,4
142904981,275,4
142904982,0,4
142904983,0,0
142904984,0,0
142904985,0,0
142904986,0,0
142904987,0,0
142904988,0,0
142904989,0,0
142904990,0,0
142904991,0,0
142904992,0,0
142904993,0,0
142904994,0,0
142904995,0,2
142904996,0,1
142904997,0,3
142904998,0,3
142904999,0,3
142905000,0,3
142905001,0,3
142905002,0,3
142905003,0,3
142905004,0,3
142905005,3,3
142905006,4,3
142905007,5,3
142905008,5,3
142905009,5,3
142905010,5,4
142905011,5,4
142905012,5,4
142905013,5,4
142905014,5,4
142905015,5,4
142905016,5,4
142905017,5,4
142905018,5,4
142905019,5,4
142905020,5,4
142905021,5,4
142905022,4,4
142905023,5,4
142905024,5,9
142905025,5,5
142905026,5,5
142905027,5,5
142905028,5,5
142905029,5,5
142905030,5,5
142905031,5,5
142905032,4,5
142905033,5,5
142905034,5,5
142905035,5,5
142905036,0,5
142905037,0,5
142905038,5,5
142905039,5,5
142905040,6,5
142905041,6,5
142905042,6,5
142905043,6,5
142905044,6,5
142905045,6,5
142905046,6,5
142905047,6,5
142905048,5,5
142905049,6,0
142905050,7,0
142905051,7,0
142905052,6,0
142905053,7,0
142905054,7,0
142905055,7,0
142905056,7,0
142905057,7,0
142905058,7,0
142905059,7,0
142905060,7,0
142905061,7,0
142905062,6,0
142905063,7,0
142905064,7,0
142905065,6,0
142905066,7,0
142905067,7,0
142905068,6,0
142905069,7,0
142905070,0,0
142905071,0,0
142905072,0,0
142905073,0,0
142905074,0,0
142905075,0,0
142905076,0,0
142905077,0,0
142905078,0,0
142905079,0,0
142905080,0,0
142905081,0,0
142905082,0,0
142905083,0,0
142905084,0,0
142905085,0,0
142905086,0,0
142905087,0,0
142905088,0,0
142905089,0,0
142905090,0,0
142905091,0,0
142905092,0,0
142905093,0,0
142905094,0,0
142905095,0,0
142905096,0,0
142905097,0,0
142905098,0,0
142905099,0,0
142905100,0,0
142905101,0,0
142905102,0,0
142905103,0,0
142905104,0,0
142905105,0,0
142905106,0,0
142905107,0,0
142905108,0,0
142905109,0,0
142905110,0,0
142905111,0,0
142905112,0,0
142905113,0,0
142905114,0,0
142905115,0,0
142905116,0,0
142905117,0,0
142905118,0,0
142905119,0,0
142905120,0,0
142905121,0,0
142905122,0,0
142905123,0,0
142905124,0,0
142905125,0,0
142905126,0,0
142905127,0,0
142905128,0,0
142905129,0,0
142905130,0,0
142905131,0,0
142905132,0,0
142905133,0,0
142905134,0,0
142905135,0,0
142905136,0,0
142905137,0,0
142905138,0,0
142905139,0,0
142905140,0,0
142905141,0,0
142905142,0,0
142905143,0,0
142905144,0,0
142905145,0,0
142905146,0,0
142905147,0,0
142905148,0,0
142905149,0,0
142905150,0,0
142905151,0,0
142905152,0,0
142905153,0,0
142905154,0,0
142905155,0,0
142905156,0,0
142905157,0,0
142905158,0,0
142905159,0,0
142905160,0,0
142905161,0,0
142905162,0,0
142905163,0,0
142905164,0,0
142905165,0,0
142905166,0,0
142905167,0,0
142905168,0,0
142905169,0,0
142905170,0,0
142905171,0,0
142905172,0,0
142905173,0,0
142905174,0,0
142905175,0,0
142905176,0,0
142905177,0,0
142905178,0,0
142905179,0,0
142905180,0,0
142905181,0,0
142905182,0,0
142905183,0,0
142905184,0,0
142905185,4,0
142905186,4,0
142905187,4,0
142905188,4,0
142905189,4,0
142905190,4,0
142905191,4,0
142905192,3,0
142905193,4,0
142905194,4,0
142905195,4,0
142905196,4,0
142905197,4,0
142905198,4,0
142905199,4,0
142905200,4,0
142905201,4,0
142905202,4,0
142905203,4,0
142905204,4,0
142905205,4,0
142905206,4,0
142905207,4,0
142905208,4,0
142905209,4,0
142905210,4,0
142905211,4,0
142905212,4,0
142905213,4,0
142905214,0,0
142905215,0,0
142905216,0,0
142905217,0,0
142905218,0,0
142905219,0,0
142905220,0,0
142905221,0,0
142905222,0,0
142905223,0,0
142905224,0,0
142905225,0,0
142905226,0,0
142905227,0,0
142905228,0,0
142905229,0,0
142905230,0,0
142905231,0,0
142905232,0,0
142905233,0,0
142905234,0,0
142905235,0,0
142905236,0,1
142905237,0,1
142905238,0,1
142905239,0,1
142905240,0,1
142905241,0,3
142905242,0,3
142905243,0,4
142905244,1,4
142905245,3,8
142905246,3,12
142905247,3,15
142905248,3,15
142905249,6,15
142905250,6,15
142905251,6,15
142905252,6,14
142905253,6,15
142905254,6,15
142905255,6,14
142905256,6,15
142905257,18,15
142905258,18,15
142905259,18,14
142905260,18,14
142905261,21,15
142905262,21,15
142905263,21,15
142905264,21,14
142905265,21,15
142905266,21,15
142905267,21,12
142905268,19,13
142905269,19,13
142905270,19,15
142905271,16,8
142905272,16,7
142905273,15,5
142905274,15,5
142905275,16,6
142905276,15,6
142905277,16,6
142905278,16,6
142905279,16,6
142905280,16,6
142905281,16,10
142905282,1,13
142905283,1,20
142905284,1,21
142905285,1,24
142905286,1,24
142905287,1,23
142905288,1,24
142905289,1,24
142905290,1,24
142905291,1,24
142905292,1,23
142905293,314,141
142905294,316,141
142905295,319,143
142905296,321,142
142905297,318,139
142905298,322,142
142905299,321,139
142905300,321,138
142905301,326,140
142905302,327,142
142905303,328,140
142905304,328,145
142905305,329,143
142905306,328,153
142905307,329,155
142905308,334,152
142905309,336,152
142905310,328,150
142905311,334,153
142905312,332,154
142905313,337,147
142905314,337,148
142905315,337,143
142905316,342,142
142905317,353,143
142905318,354,144
142905319,347,144
142905320,352,143
142905321,350,140
142905322,355,140
142905323,352,143
142905324,283,109
142905325,132,44
142905326,23,12
142905327,23,12
142905328,21,12
142905329,21,17
142905330,21,17
142905331,21,17
142905332,23,11
142905333,23,16
142905334,22,15
142905335,26,16
142905336,26,14
142905337,24,14
142905338,23,14
142905339,22,14
142905340,30,15
142905341,31,15
142905342,31,15
142905343,32,15
142905344,29,15
142905345,43,14
142905346,45,19
142905347,49,33
142905348,56,53
142905349,62,129
142905350,108,154
142905351,110,169
142905352,116,172
142905353,123,196
142905354,130,213
142905355,129,241
142905356,403,326
142905357,406,340
142905358,413,349
142905359,415,358
142905360,413,360
142905361,413,365
142905362,421,366
142905363,420,361
142905364,429,385
142905365,431,390
142905366,426,400
142905367,424,430
142905368,421,463
142905369,419,450
142905370,418,450
142905371,415,465
142905372,410,468
142905373,407,458
142905374,394,464
142905375,386,451
142905376,365,432
142905377,336,380
142905378,329,378
142905379,329,375
142905380,327,331
142905381,329,313
142905382,318,241
142905383,295,225
142905384,295,222
142905385,12,206
142905386,12,197
142905387,4,158
142905388,11,131
142905389,10,109
142905390,11,109
142905391,11,108
142905392,11,87
142905393,11,85
142905394,10,60
142905395,11,55
142905396,11,73
142905397,11,67
142905398,35,72
142905399,35,74
142905400,34,59
142905401,34,55
142905402,35,57
142905403,35,57
142905404,35,57
142905405,33,55
142905406,34,57
142905407,34,57
142905408,35,57
142905409,39,57
142905410,40,57
142905411,41,56
142905412,45,56
142905413,55,67
142905414,53,67
142905415,54,69
142905416,54,67
142905417,54,101
142905418,28,83
142905419,28,109
142905420,29,124
142905421,37,127
142905422,44,129
142905423,68,123
142905424,69,125
142905425,69,126
142905426,69,124
142905427,67,124
142905428,69,126
142905429,67,125
142905430,70,125
142905431,69,127
142905432,68,120
142905433,65,118
142905434,69,119
142905435,67,122
142905436,80,136
142905437,78,135
142905438,85,136
142905439,82,135
142905440,84,137
142905441,80,78
142905442,70,47
142905443,41,47
142905444,42,47
142905445,41,46
142905446,37,52
142905447,30,71
142905448,30,73
142905449,30,74
142905450,29,62
142905451,29,89
142905452,29,94
142905453,39,96
142905454,40,96
142905455,35,103
142905456,37,105
142905457,39,97
142905458,39,98
142905459,39,96
142905460,27,91
142905461,25,88
142905462,29,86
142905463,29,92
142905464,29,94
142905465,29,94
142905466,24,92
142905467,23,95
142905468,24,96
142905469,20,94
142905470,20,93
142905471,19,93
142905472,12,73
142905473,9,66
142905474,12,61
142905475,12,61
142905476,12,36
142905477,12,27
142905478,12,18
142905479,0,2
142905480,0,2
142905481,0,1
142905482,0,0
142905483,0,0
142905484,0,0
142905485,0,0
142905486,0,0
142905487,0,0
142905488,0,0
142905489,0,0
142905490,0,0
142905491,0,0
142905492,58,0
142905493,60,3
142905494,59,3
142905495,60,3
142905496,60,3
142905497,59,2
142905498,60,2
142905499,61,3
142905500,61,3
142905501,61,3
142905502,61,2
142905503,61,3
142905504,60,3
142905505,61,3
142905506,60,3
142905507,61,3
142905508,61,3
142905509,63,2
142905510,63,3
142905511,62,3
142905512,0,3
142905513,0,2
142905514,0,2
142905515,0,3
142905516,0,3
142905517,0,3
142905518,0,3
142905519,0,3
142905520,0,3
142905521,0,0
142905522,0,0
142905523,0,0
142905524,0,0
142905525,0,0
142905526,0,0
142905527,0,0
142905528,0,0
142905529,0,0
142905530,0,0
142905531,0,0
142905532,0,0
142905533,0,0
142905534,0,0
142905535,0,0
142905536,0,0
142905537,0,0
142905538,0,0
142905539,0,0
142905540,0,0
142905541,0,0
142905542,0,0
142905543,0,0
142905544,0,0
142905545,0,0
142905546,0,0
142905547,0,0
142905548,0,0
142905549,0,0
142905550,0,0
142905551,0,0
142905552,0,0
142905553,0,0
142905554,0,0
142905555,0,0
142905556,0,0
142905557,0,0
142905558,0,0
142905559,0,0
142905560,0,0
142905561,0,0
142905562,0,2
142905563,0,2
142905564,0,2
142905565,0,2
142905566,0,2
142905567,0,2
142905568,0,2
142905569,0,2
142905570,0,2
142905571,0,2
142905572,2,2
142905573,2,11
142905574,2,12
142905575,2,12
142905576,1,12
142905577,2,12
142905578,3,10
142905579,3,12
142905580,3,12
142905581,3,15
142905582,3,13
142905583,3,16
142905584,7,16
142905585,7,19
142905586,7,19
142905587,9,19
142905588,9,18
142905589,9,19
142905590,9,19
142905591,9,18
142905592,8,19
142905593,9,21
142905594,9,18
142905595,29,14
142905596,27,14
142905597,30,53
142905598,30,77
142905599,28,75
142905600,31,76
142905601,31,55
142905602,32,79
142905603,32,77
142905604,30,78
142905605,30,78
142905606,29,73
142905607,29,73
142905608,31,81
142905609,56,78
142905610,54,85
142905611,56,85
142905612,56,83
142905613,59,84
142905614,60,89
142905615,53,88
142905616,55,89
142905617,36,90
142905618,36,89
142905619,39,87
142905620,38,90
142905621,39,90
142905622,39,90
142905623,39,90
142905624,38,88
142905625,39,69
142905626,38,43
142905627,38,56
142905628,38,58
142905629,36,71
142905630,36,70
142905631,35,70
142905632,36,66
142905633,36,68
142905634,37,76
142905635,26,79
142905636,27,97
142905637,26,85
142905638,27,84
142905639,94,173
142905640,93,165
142905641,92,169
142905642,96,169
142905643,96,173
142905644,94,172
142905645,100,178
142905646,102,177
142905647,102,181
142905648,99,177
142905649,100,179
142905650,112,197
142905651,183,173
142905652,203,208
142905653,246,291
142905654,248,273
142905655,274,286
142905656,292,310
142905657,307,356
142905658,310,363
142905659,376,467
142905660,366,509
142905661,401,565
142905662,462,662
142905663,524,710
142905664,515,715
142905665,531,723
142905666,538,722
142905667,543,727
142905668,541,728
142905669,536,725
142905670,547,707
142905671,548,654
142905672,462,639
142905673,453,645
142905674,459,649
142905675,446,637
142905676,444,638
142905677,438,639
142905678,320,588
142905679,322,483
142905680,309,484
142905681,251,315
142905682,229,317
142905683,211,312
142905684,168,279
142905685,140,189
142905686,113,77
142905687,87,69
142905688,85,67
142905689,69,45
142905690,40,36
142905691,42,35
142905692,29,34
142905693,29,34
142905694,29,27
142905695,1,0
142905696,1,0
142905697,2,0
142905698,1,0
142905699,1,0
142905700,1,0
142905701,1,0
142905702,1,0
142905703,1,0
142905704,1,0
142905705,1,0
142905706,1,0
142905707,1,0
142905708,1,0
142905709,1,0
142905710,1,0
142905711,1,0
142905712,1,0
142905713,1,0
142905714,1,0
142905715,1,0
142905716,0,0
142905717,1,0
142905718,1,0
142905719,1,0
142905720,1,0
142905721,0,0
142905722,0,0
142905723,0,0
142905724,0,0
142905725,0,0
142905726,0,0
142905727,0,0
142905728,0,0
142905729,0,0
142905730,0,0
142905731,0,0
142905732,0,0
142905733,0,0
142905734,0,0
142905735,0,0
142905736,0,0
142905737,0,0
142905738,0,0
142905739,0,0
142905740,0,0
142905741,0,0
142905742,0,0
142905743,0,0
142905744,0,0
142905745,0,0
142905746,0,0
142905747,0,0
142905748,0,0
142905749,0,0
142905750,0,0
142905751,0,0
142905752,0,0
142905753,0,0
142905754,0,0
142905755,0,0
142905756,0,0
142905757,0,0
142905758,0,0
142905759,0,0
142905760,0,0
142905761,0,0
142905762,0,0
142905763,0,0
142905764,0,0
142905765,0,0
142905766,0,0
142905767,0,0
142905768,0,0
142905769,0,0
142905770,0,0
142905771,0,0
142905772,0,0
142905773,0,0
142905774,0,0
142905775,0,0
142905776,0,0
142905777,0,0
142905778,0,0
142905779,0,0
142905780,0,0
142905781,0,0
142905782,0,0
142905783,0,0
142905784,0,0
142905785,0,0
142905786,0,0
142905787,0,0
142905788,0,0
142905789,0,0
142905790,0,0
142905791,0,0
142905792,0,0
142905793,0,0
142905794,0,0
142905795,0,0
142905796,0,0
142905797,0,0
142905798,0,0
142905799,0,0
142905800,0,0
142905801,0,0
142905802,0,0
142905803,0,0
142905804,0,0
142905805,0,0
142905806,0,0
142905807,0,0
142905808,0,0
142905809,0,0
142905810,0,0
142905811,0,0
142905812,0,0
142905813,0,0
142905814,0,0
142905815,0,0
142905816,0,0
142905817,0,0
142905818,0,0
142905819,0,0
142905820,0,0
142905821,0,0
142905822,0,0
142905823,0,0
142905824,0,0
142905825,0,0
142905826,0,0
142905827,0,0
142905828,0,0
142905829,0,0
142905830,0,0
142905831,0,0
142905832,0,0
142905833,0,0
142905834,0,0
142905835,0,0
142905836,0,0
142905837,0,0
142905838,0,0
142905839,0,0
142905840,0,0
142905841,0,0
142905842,0,0
142905843,0,0
142905844,0,0
142905845,0,0
142905846,0,0
142905847,0,0
142905848,0,0
142905849,0,0
142905850,0,0
142905851,0,0
142905852,0,0
142905853,0,0
142905854,0,0
142905855,0,0
142905856,0,0
142905857,0,0
142905858,0,0
142905859,0,0
142905860,0,0
142905861,0,0
142905862,0,0
142905863,0,0
142905864,0,0
142905865,0,0
142905866,0,0
142905867,0,0
142905868,0,0
142905869,0,0
142905870,0,0
142905871,0,0
142905872,0,0
142905873,0,0
142905874,0,0
142905875,0,0
142905876,0,0
142905877,0,0
142905878,0,0
142905879,0,0
142905880,0,0
142905881,0,0
142905882,0,0
142905883,0,0
142905884,0,0
142905885,0,0
142905886,0,0
142905887,0,0
142905888,0,0
142905889,0,0
142905890,0,0
142905891,0,0
142905892,0,0
142905893,0,0
142905894,0,0
142905895,0,0
142905896,0,0
142905897,0,0
142905898,0,0
142905899,0,0
142905900,0,0
142905901,0,0
142905902,0,0
142905903,0,0
142905904,0,0
142905905,0,0
142905906,0,0
142905907,0,0
142905908,0,0
142905909,0,0
142905910,0,0
142905911,0,0
142905912,0,0
142905913,0,0
142905914,0,0
142905915,0,0
142905916,0,0
142905917,0,0
142905918,0,0
142905919,0,0
142905920,0,0
142905921,0,0
142905922,0,0
142905923,0,0
142905924,0,0
142905925,0,0
142905926,0,0
142905927,0,0
142905928,0,0
142905929,0,0
142905930,0,0
142905931,0,0
142905932,0,0
142905933,0,0
142905934,0,0
142905935,0,0
142905936,0,0
142905937,0,0
142905938,0,0
142905939,0,0
142905940,0,0
142905941,0,0
142905942,0,0
142905943,0,0
142905944,0,0
142905945,0,0
142905946,0,0
142905947,0,0
142905948,0,0
142905949,0,0
142905950,0,0
142905951,0,0
142905952,0,0
142905953,0,0
142905954,0,0
142905955,0,0
142905956,0,0
142905957,0,0
142905958,0,0
142905959,0,0
142905960,0,0
142905961,0,0
142905962,0,0
142905963,0,0
142905964,0,0
142905965,0,0
142905966,0,0
142905967,0,0
142905968,0,0
142905969,0,0
142905970,0,0
142905971,0,0
142905972,0,0
142905973,0,0
142905974,0,0
142905975,0,0
142905976,0,0
142905977,0,0
142905978,0,0
142905979,0,0
142905980,0,0
142905981,0,0
142905982,0,0
142905983,0,0
142905984,0,0
142905985,0,0
142905986,0,0
142905987,0,0
142905988,0,0
142905989,0,0
142905990,0,0
142905991,0,0
142905992,0,0
142905993,0,0
142905994,0,0
142905995,0,0
142905996,0,0
142905997,0,0
142905998,0,0
142905999,0,0
142906000,0,0
142906001,0,0
142906002,0,0
142906003,0,0
142906004,0,0
142906005,0,0
142906006,0,0
142906007,0,0
142906008,0,0
142906009,0,0
142906010,0,0
142906011,0,0
142906012,0,0
142906013,0,0
142906014,0,0
142906015,0,0
142906016,0,0
142906017,0,0
142906018,0,0
142906019,0,0
142906020,0,0
142906021,0,0
142906022,0,0
142906023,0,0
142906024,0,0
142906025,0,0
142906026,0,0
142906027,0,0
142906028,0,0
142906029,0,0
142906030,0,0
142906031,0,0
142906032,0,0
142906033,0,0
142906034,0,0
142906035,0,0
142906036,0,0
142906037,0,0
142906038,0,0
142906039,0,0
142906040,0,0
142906041,0,0
142906042,0,0
142906043,0,0
142906044,0,0
142906045,0,0
142906046,0,0
142906047,0,0
142906048,0,0
142906049,0,0
142906050,0,0
142906051,0,0
142906052,0,0
142906053,0,0
142906054,0,0
142906055,0,0
142906056,0,0
142906057,0,0
142906058,0,0
142906059,0,0
142906060,0,0
142906061,0,0
142906062,0,0
142906063,0,0
142906064,0,0
142906065,0,0
142906066,0,0
142906067,0,0
142906068,0,0
142906069,0,0
142906070,0,0
142906071,0,0
142906072,0,0
142906073,0,0
142906074,0,0
142906075,0,0
142906076,0,0
142906077,0,0
142906078,0,0
142906079,0,0
142906080,0,0
142906081,0,0
142906082,0,0
142906083,0,0
142906084,0,0
142906085,0,0
142906086,0,0
142906087,0,0
142906088,0,0
142906089,0,0
142906090,0,0
142906091,0,0
142906092,0,0
142906093,0,0
142906094,0,0
142906095,0,0
142906096,0,0
142906097,0,0
142906098,0,0
142906099,0,0
142906100,0,0
142906101,0,0
142906102,0,0
142906103,0,0
142906104,0,0
142906105,0,0
142906106,0,0
142906107,0,0
142906108,0,0
142906109,0,0
142906110,0,0
142906111,0,0
142906112,0,0
142906113,0,0
142906114,0,0
142906115,0,0
142906116,0,0
142906117,0,0
142906118,0,0
142906119,0,0
142906120,0,0
142906121,0,0
142906122,0,0
142906123,0,0
142906124,0,0
142906125,0,0
142906126,0,0
142906127,0,0
142906128,0,0
142906129,0,0
142906130,0,0
142906131,0,0
142906132,0,0
142906133,0,0
142906134,0,0
142906135,0,0
142906136,0,0
142906137,0,0
142906138,0,0
142906139,0,0
142906140,0,0
142906141,0,0
142906142,0,0
142906143,0,0
142906144,0,0
142906145,0,0
142906146,0,0
142906147,0,0
142906148,0,0
142906149,0,0
142906150,0,0
142906151,0,0
142906152,0,0
142906153,0,0
142906154,0,0
142906155,0,0
142906156,0,0
142906157,0,0
142906158,0,0
142906159,0,0
142906160,0,0
142906161,0,0
142906162,0,0
142906163,0,0
142906164,0,0
142906165,0,0
142906166,0,0
142906167,0,0
142906168,0,0
142906169,0,0
142906170,0,0
142906171,0,0
142906172,0,0
142906173,0,0
142906174,0,0
142906175,0,0
142906176,0,0
142906177,0,0
142906178,0,0
142906179,0,0
142906180,0,0
142906181,0,0
142906182,0,0
142906183,0,0
142906184,0,0
142906185,0,0
142906186,0,0
142906187,0,0
142906188,0,5
142906189,0,5
142906190,0,5
142906191,0,5
142906192,0,5
142906193,0,5
142906194,0,5
142906195,0,5
142906196,0,5
142906197,0,5
142906198,0,5
142906199,0,5
142906200,0,4
142906201,0,5
142906202,0,5
142906203,0,5
142906204,0,5
142906205,0,5
142906206,0,5
142906207,0,5
142906208,0,5
142906209,0,5
142906210,0,5
142906211,0,5
142906212,0,5
142906213,0,5
142906214,0,5
142906215,0,5
142906216,0,5
142906217,0,5
142906218,0,5
142906219,0,0
142906220,0,0
142906221,0,0
142906222,0,0
142906223,0,0
142906224,0,0
142906225,0,0
142906226,0,0
142906227,0,0
142906228,0,0
142906229,0,0
142906230,0,0
142906231,0,0
142906232,0,0
142906233,0,0
142906234,0,0
142906235,0,0
142906236,0,0
142906237,0,0
142906238,0,0
142906239,0,0
142906240,0,0
142906241,0,0
142906242,0,0
142906243,0,0
142906244,0,0
142906245,0,0
142906246,0,0
142906247,0,0
142906248,0,0
142906249,0,0
142906250,0,0
142906251,0,0
142906252,0,0
142906253,0,0
142906254,0,0
142906255,0,0
142906256,0,0
142906257,0,0
142906258,0,0
142906259,0,0
142906260,0,0
142906261,0,0
142906262,0,0
142906263,0,0
142906264,0,0
142906265,0,0
142906266,0,0
142906267,0,0
142906268,0,0
142906269,0,0
142906270,0,0
142906271,0,0
142906272,0,0
142906273,0,0
142906274,0,0
142906275,0,0
142906276,0,0
142906277,0,0
142906278,0,0
142906279,0,0
142906280,0,0
142906281,0,0
142906282,0,0
142906283,0,0
142906284,0,0
142906285,0,0
142906286,0,0
142906287,0,0
142906288,0,0
142906289,0,0
142906290,0,0
142906291,0,0
142906292,0,0
142906293,0,0
142906294,0,0
142906295,0,0
142906296,0,0
142906297,0,0
142906298,0,0
142906299,0,0
142906300,0,0
142906301,0,0
142906302,0,0
142906303,0,0
142906304,0,0
142906305,0,0
142906306,0,0
142906307,0,0
142906308,0,0
142906309,0,0
142906310,0,0
142906311,0,0
142906312,0,0
142906313,0,0
142906314,0,0
142906315,0,0
142906316,0,0
142906317,0,0
142906318,0,0
142906319,0,0
142906320,0,0
142906321,0,0
142906322,0,0
142906323,0,0
142906324,0,0
142906325,0,0
142906326,0,0
142906327,0,0
142906328,0,0
142906329,0,0
142906330,0,0
142906331,0,0
142906332,0,0
142906333,0,11
142906334,0,11
142906335,0,10
142906336,0,11
142906337,0,11
142906338,0,11
142906339,0,11
142906340,0,12
142906341,0,12
142906342,0,12
142906343,0,12
142906344,0,12
142906345,0,12
142906346,0,11
142906347,0,12
142906348,0,11
142906349,0,11
142906350,0,12
142906351,0,11
142906352,0,11
142906353,0,11
142906354,0,12
142906355,0,12
142906356,0,12
142906357,0,11
142906358,0,11
142906359,0,12
142906360,0,0
142906361,0,0
142906362,0,0
142906363,0,0
142906364,0,0
142906365,0,0
142906366,0,0
142906367,0,0
142906368,0,0
142906369,0,0
142906370,0,0
142906371,41,0
142906372,42,0
142906373,41,0
142906374,42,0
142906375,42,0
142906376,40,0
142906377,40,0
142906378,38,0
142906379,42,0
142906380,42,0
142906381,42,0
142906382,42,0
142906383,42,0
142906384,42,0
142906385,42,0
142906386,42,0
142906387,42,0
142906388,42,0
142906389,41,0
142906390,40,0
142906391,40,0
142906392,40,0
142906393,41,0
142906394,39,0
142906395,41,0
142906396,0,0
142906397,0,0
142906398,0,0
142906399,0,0
142906400,0,0
142906401,0,0
142906402,0,0
142906403,0,0
142906404,0,0
142906405,0,0
142906406,0,0
142906407,0,0
142906408,0,0
142906409,0,0
142906410,0,0
142906411,0,0
142906412,0,0
142906413,0,0
142906414,0,0
142906415,0,0
142906416,0,0
142906417,0,0
142906418,0,0
142906419,0,0
142906420,0,0
142906421,0,0
142906422,0,0
142906423,0,0
142906424,0,0
142906425,0,0
142906426,0,0
142906427,0,0
142906428,0,0
142906429,0,0
142906430,0,0
142906431,0,0
142906432,0,0
142906433,0,0
142906434,0,0
142906435,0,0
142906436,0,0
142906437,0,0
142906438,0,0
142906439,0,0
142906440,0,0
142906441,0,0
142906442,0,0
142906443,0,0
142906444,0,0
142906445,0,0
142906446,0,0
142906447,0,0
142906448,0,0
142906449,0,0
142906450,0,0
142906451,0,0
142906452,0,0
142906453,0,0
142906454,0,0
142906455,0,0
142906456,0,0
142906457,0,0
142906458,0,0
142906459,0,0
142906460,0,0
142906461,0,0
142906462,0,0
142906463,0,0
142906464,0,0
142906465,0,0
142906466,0,0
142906467,0,0
142906468,0,0
142906469,0,0
142906470,0,0
142906471,0,0
142906472,0,0
142906473,0,0
142906474,0,0
142906475,0,0
142906476,0,0
142906477,0,0
142906478,0,0
142906479,0,0
142906480,0,0
142906481,0,0
142906482,0,0
142906483,0,0
142906484,0,0
142906485,0,0
142906486,0,0
142906487,0,0
142906488,0,0
142906489,0,0
142906490,0,0
142906491,0,0
142906492,0,0
142906493,0,0
142906494,0,0
142906495,0,0
142906496,0,0
142906497,0,0
142906498,0,0
142906499,0,0
142906500,0,0
142906501,0,0
142906502,0,0
142906503,0,0
142906504,0,0
142906505,0,0
142906506,0,0
142906507,0,0
142906508,0,0
142906509,0,0
142906510,0,0
142906511,0,0
142906512,0,0
142906513,0,0
142906514,0,0
142906515,0,0
142906516,0,0
142906517,0,0
142906518,0,0
142906519,0,0
142906520,0,0
142906521,0,0
142906522,0,0
142906523,0,0
142906524,0,0
142906525,0,0
142906526,0,0
142906527,0,0
142906528,0,0
142906529,0,0
142906530,0,0
142906531,0,0
142906532,0,0
142906533,0,0
142906534,0,0
142906535,0,0
142906536,0,0
142906537,0,0
142906538,0,0
142906539,0,0
142906540,0,0
142906541,0,0
142906542,0,0
142906543,0,0
142906544,0,0
142906545,0,0
142906546,0,0
142906547,0,0
142906548,0,0
142906549,0,0
142906550,0,0
142906551,0,0
142906552,0,0
142906553,0,0
142906554,0,0
142906555,0,0
142906556,0,0
142906557,0,0
142906558,0,0
142906559,0,0
142906560,0,0
142906561,0,0
142906562,0,0
142906563,0,0
142906564,0,0
142906565,0,0
142906566,0,0
142906567,0,0
142906568,0,0
142906569,0,0
142906570,0,0
142906571,0,0
142906572,0,0
142906573,0,0
142906574,0,0
142906575,0,0
142906576,0,0
142906577,0,0
142906578,0,0
142906579,0,0
142906580,0,0
142906581,0,0
142906582,0,0
142906583,0,0
142906584,0,0
142906585,0,0
142906586,0,0
142906587,0,0
142906588,0,0
142906589,0,0
142906590,0,0
142906591,0,0
142906592,0,0
142906593,0,0
142906594,0,0
142906595,0,0
142906596,0,0
142906597,0,0
142906598,0,0
142906599,0,0
142906600,0,0
142906601,0,0
142906602,0,0
142906603,0,0
142906604,0,0
142906605,0,0
142906606,0,0
142906607,0,0
142906608,0,0
142906609,0,0
142906610,0,0
142906611,0,0
142906612,0,0
142906613,0,0
142906614,0,0
142906615,0,0
142906616,0,0
142906617,0,0
142906618,0,0
142906619,0,0
142906620,0,0
142906621,0,0
142906622,0,0
142906623,0,0
142906624,0,0
142906625,0,0
142906626,0,0
142906627,0,0
142906628,0,0
142906629,0,0
142906630,0,0
142906631,0,0
142906632,0,0
142906633,0,0
142906634,0,0
142906635,0,0
142906636,0,0
142906637,0,0
142906638,0,0
142906639,0,0
142906640,0,0
142906641,0,0
142906642,0,0
142906643,0,0
142906644,1,0
142906645,1,0
142906646,1,0
142906647,1,0
142906648,3,1
142906649,4,19
142906650,56,59
142906651,56,60
142906652,79,73
142906653,82,74
142906654,85,75
142906655,86,71
142906656,84,81
142906657,109,87
142906658,114,87
142906659,121,140
142906660,123,145
142906661,123,146
142906662,124,145
142906663,144,148
142906664,146,150
142906665,156,151
142906666,156,162
142906667,161,167
142906668,160,169
142906669,160,171
142906670,163,188
142906671,162,188
142906672,164,189
142906673,163,184
142906674,162,192
142906675,160,176
142906676,170,172
142906677,165,168
142906678,169,168
142906679,151,105
142906680,108,80
142906681,107,78
142906682,95,80
142906683,76,78
142906684,63,52
142906685,52,53
142906686,50,53
142906687,52,43
142906688,36,42
142906689,36,41
142906690,26,39
142906691,26,39
142906692,29,21
142906693,26,18
142906694,26,21
142906695,25,14
142906696,40,12
142906697,38,9
142906698,32,4
142906699,27,4
142906700,33,71
142906701,35,80
142906702,32,82
142906703,32,79
142906704,32,80
142906705,25,84
142906706,26,83
142906707,26,83
142906708,26,83
142906709,26,84
142906710,26,83
142906711,26,82
142906712,25,83
142906713,26,82
142906714,26,81
142906715,26,81
142906716,25,82
142906717,26,80
142906718,25,80
142906719,26,83
142906720,0,3
142906721,0,0
142906722,0,0
142906723,0,0
142906724,0,0
142906725,0,0
142906726,0,0
142906727,0,0
142906728,0,0
142906729,0,0
142906730,0,0
142906731,0,0
142906732,0,0
142906733,0,0
142906734,0,0
142906735,0,0
142906736,0,0
142906737,0,0
142906738,0,0
142906739,0,0
142906740,0,0
142906741,0,0
142906742,0,0
142906743,0,0
142906744,0,0
142906745,0,0
142906746,0,0
142906747,0,0
142906748,0,0
142906749,0,0
142906750,0,0
142906751,0,0
142906752,0,0
142906753,0,0
142906754,0,0
142906755,0,0
142906756,0,0
142906757,0,0
142906758,0,0
142906759,0,0
142906760,0,0
142906761,0,0
142906762,0,0
142906763,0,0
142906764,0,0
142906765,0,0
142906766,0,0
142906767,0,0
142906768,0,0
142906769,0,0
142906770,0,0
142906771,0,0
142906772,0,0
142906773,0,0
142906774,0,0
142906775,0,0
142906776,0,0
142906777,0,0
142906778,0,0
142906779,0,0
142906780,0,0
142906781,0,0
142906782,0,0
142906783,0,0
142906784,0,0
142906785,0,0
142906786,0,0
142906787,0,0
142906788,0,0
142906789,0,0
142906790,0,0
142906791,0,0
142906792,0,0
142906793,0,0
142906794,0,0
142906795,0,0
142906796,0,0
142906797,0,0
142906798,0,0
142906799,0,0
142906800,0,0
142906801,0,0
142906802,0,0
142906803,0,0
142906804,0,0
142906805,0,0
142906806,0,0
142906807,0,0
142906808,0,0
142906809,0,0
142906810,0,0
142906811,0,0
142906812,0,0
142906813,0,0
142906814,0,0
142906815,0,0
142906816,0,0
142906817,0,0
142906818,0,0
142906819,0,0
142906820,0,0
142906821,0,0
142906822,0,0
142906823,0,0
142906824,0,0
142906825,0,0
142906826,0,0
142906827,0,0
142906828,0,0
142906829,0,0
142906830,0,0
142906831,0,0
142906832,0,0
142906833,0,0
142906834,0,0
142906835,0,0
142906836,0,0
142906837,0,0
142906838,0,0
142906839,0,0
142906840,0,0
142906841,0,0
142906842,0,0
142906843,0,0
142906844,0,0
142906845,0,0
142906846,0,0
142906847,0,0
142906848,0,0
142906849,0,0
142906850,0,0
142906851,0,0
142906852,0,0
142906853,0,0
142906854,0,0
142906855,0,0
142906856,0,0
142906857,0,0
142906858,0,0
142906859,0,0
142906860,0,0
142906861,0,0
142906862,0,0
142906863,0,0
142906864,0,0
142906865,0,0
142906866,0,0
