,miR29_WT_Th2.bam,miR29_KO_Th2.bam
142903034,0,0
142903035,0,0
142903036,0,0
142903037,0,0
142903038,0,0
142903039,0,0
142903040,0,0
142903041,0,0
142903042,0,0
142903043,0,0
142903044,0,0
142903045,0,0
142903046,0,0
142903047,0,0
142903048,0,0
142903049,0,0
142903050,0,0
142903051,0,0
142903052,0,0
142903053,0,0
142903054,0,0
142903055,0,0
142903056,0,0
142903057,0,0
142903058,11,0
142903059,11,0
142903060,11,0
142903061,11,0
142903062,12,0
142903063,12,0
142903064,12,0
142903065,12,0
142903066,11,0
142903067,11,0
142903068,12,0
142903069,12,0
142903070,12,0
142903071,12,0
142903072,12,0
142903073,12,0
142903074,12,0
142903075,11,0
142903076,11,0
142903077,11,0
142903078,11,0
142903079,12,0
142903080,8,0
142903081,12,0
142903082,12,0
142903083,0,0
142903084,0,0
142903085,0,0
142903086,0,0
142903087,0,0
142903088,0,0
142903089,0,0
142903090,0,0
142903091,0,0
142903092,0,0
142903093,0,0
142903094,0,0
142903095,0,0
142903096,0,0
142903097,0,0
142903098,0,0
142903099,0,0
142903100,0,0
142903101,0,0
142903102,0,0
142903103,0,0
142903104,0,0
142903105,0,0
142903106,0,0
142903107,0,0
142903108,0,0
142903109,0,0
142903110,0,0
142903111,0,0
142903112,0,0
142903113,1,0
142903114,8,9
142903115,53,9
142903116,84,9
142903117,86,45
142903118,107,95
142903119,137,95
142903120,152,95
142903121,165,94
142903122,168,96
142903123,173,98
142903124,173,98
142903125,175,110
142903126,175,123
142903127,174,123
142903128,169,123
142903129,175,123
142903130,174,123
142903131,173,121
142903132,171,121
142903133,164,123
142903134,159,121
142903135,153,118
142903136,159,117
142903137,170,117
142903138,177,107
142903139,183,91
142903140,192,88
142903141,183,68
142903142,191,62
142903143,192,60
142903144,195,53
142903145,188,56
142903146,161,54
142903147,160,43
142903148,159,38
142903149,159,38
142903150,161,36
142903151,159,22
142903152,158,1
142903153,154,1
142903154,149,1
142903155,129,1
142903156,127,1
142903157,120,1
142903158,113,0
142903159,103,0
142903160,103,0
142903161,94,0
142903162,93,0
142903163,87,0
142903164,77,1
142903165,67,1
142903166,107,1
142903167,105,1
142903168,106,1
142903169,120,1
142903170,121,1
142903171,128,1
142903172,123,1
142903173,120,1
142903174,123,1
142903175,148,1
142903176,148,1
142903177,146,1
142903178,161,1
142903179,165,1
142903180,153,1
142903181,161,1
142903182,157,1
142903183,154,1
142903184,156,1
142903185,156,1
142903186,138,11
142903187,118,9
142903188,127,11
142903189,146,11
142903190,149,11
142903191,147,11
142903192,149,11
142903193,150,11
142903194,155,11
142903195,155,11
142903196,152,11
142903197,157,11
142903198,149,11
142903199,144,11
142903200,154,10
142903201,150,10
142903202,98,10
142903203,99,10
142903204,82,10
142903205,84,10
142903206,75,9
142903207,59,10
142903208,58,10
142903209,59,10
142903210,58,9
142903211,53,10
142903212,54,10
142903213,53,10
142903214,43,10
142903215,41,10
142903216,35,8
142903217,35,10
142903218,35,9
142903219,32,10
142903220,33,9
142903221,38,9
142903222,36,9
142903223,35,9
142903224,64,9
142903225,62,9
142903226,52,0
142903227,51,0
142903228,52,0
142903229,52,0
142903230,55,0
142903231,46,0
142903232,60,0
142903233,60,0
142903234,65,0
142903235,62,0
142903236,63,0
142903237,65,0
142903238,68,0
142903239,60,0
142903240,61,0
142903241,56,0
142903242,60,0
142903243,60,0
142903244,60,0
142903245,68,0
142903246,69,0
142903247,68,0
142903248,98,0
142903249,96,0
142903250,96,3
142903251,96,3
142903252,96,3
142903253,96,3
142903254,97,3
142903255,109,3
142903256,113,3
142903257,115,3
142903258,129,3
142903259,159,3
142903260,158,8
142903261,175,8
142903262,175,8
142903263,179,8
142903264,171,8
142903265,169,8
142903266,170,8
142903267,167,8
142903268,165,8
142903269,164,8
142903270,143,8
142903271,157,8
142903272,164,8
142903273,172,8
142903274,158,8
142903275,156,12
142903276,168,12
142903277,170,12
142903278,165,12
142903279,149,12
142903280,164,12
142903281,157,7
142903282,165,4
142903283,159,4
142903284,147,4
142903285,146,3
142903286,151,4
142903287,145,4
142903288,144,59
142903289,144,59
142903290,160,59
142903291,157,55
142903292,167,59
142903293,189,58
142903294,199,59
142903295,182,59
142903296,178,55
142903297,180,52
142903298,183,55
142903299,178,52
142903300,185,54
142903301,188,55
142903302,181,54
142903303,173,54
142903304,184,55
142903305,180,55
142903306,184,55
142903307,178,54
142903308,169,55
142903309,160,54
142903310,170,55
142903311,168,54
142903312,154,55
142903313,146,51
142903314,146,46
142903315,152,53
142903316,141,53
142903317,139,0
142903318,131,0
142903319,131,0
142903320,103,0
142903321,101,0
142903322,95,0
142903323,96,0
142903324,104,0
142903325,116,0
142903326,136,15
142903327,145,15
142903328,160,15
142903329,169,15
142903330,172,15
142903331,188,15
142903332,188,15
142903333,194,15
142903334,197,15
142903335,192,15
142903336,195,15
142903337,195,15
142903338,202,15
142903339,199,15
142903340,230,21
142903341,234,21
142903342,231,21
142903343,262,21
142903344,258,21
142903345,306,21
142903346,308,21
142903347,367,21
142903348,376,21
142903349,371,21
142903350,372,21
142903351,382,20
142903352,375,21
142903353,372,21
142903354,409,20
142903355,400,21
142903356,396,16
142903357,378,6
142903358,373,6
142903359,370,6
142903360,365,6
142903361,366,6
142903362,385,6
142903363,376,6
142903364,370,6
142903365,376,6
142903366,373,6
142903367,368,6
142903368,366,6
142903369,353,6
142903370,318,6
142903371,303,4
142903372,282,0
142903373,280,0
142903374,270,0
142903375,271,0
142903376,271,0
142903377,260,0
142903378,263,0
142903379,253,0
142903380,255,0
142903381,242,0
142903382,260,0
142903383,245,0
142903384,221,0
142903385,201,0
142903386,190,0
142903387,173,0
142903388,163,0
142903389,141,0
142903390,143,0
142903391,117,0
142903392,95,0
142903393,92,0
142903394,70,0
142903395,68,0
142903396,67,0
142903397,68,0
142903398,67,0
142903399,65,0
142903400,67,0
142903401,67,0
142903402,64,0
142903403,69,0
142903404,64,0
142903405,63,0
142903406,64,0
142903407,64,0
142903408,65,0
142903409,56,0
142903410,56,0
142903411,60,0
142903412,61,0
142903413,66,0
142903414,68,0
142903415,69,0
142903416,69,0
142903417,68,0
142903418,69,0
142903419,69,0
142903420,67,0
142903421,67,0
142903422,66,0
142903423,65,0
142903424,61,0
142903425,66,0
142903426,60,0
142903427,45,0
142903428,46,0
142903429,40,0
142903430,32,0
142903431,31,0
142903432,31,0
142903433,30,0
142903434,30,0
142903435,30,0
142903436,30,0
142903437,30,0
142903438,35,0
142903439,31,0
142903440,31,0
142903441,29,0
142903442,32,0
142903443,32,0
142903444,28,0
142903445,28,0
142903446,27,0
142903447,28,0
142903448,27,0
142903449,26,0
142903450,28,0
142903451,28,0
142903452,26,37
142903453,26,35
142903454,27,62
142903455,27,62
142903456,24,63
142903457,20,63
142903458,19,62
142903459,17,65
142903460,10,65
142903461,30,65
142903462,30,65
142903463,38,65
142903464,40,65
142903465,40,65
142903466,50,65
142903467,50,64
142903468,50,65
142903469,51,64
142903470,49,64
142903471,51,63
142903472,60,65
142903473,87,65
142903474,89,65
142903475,95,64
142903476,109,64
142903477,128,65
142903478,173,64
142903479,182,65
142903480,184,65
142903481,184,62
142903482,182,65
142903483,178,63
142903484,181,64
142903485,180,64
142903486,167,64
142903487,167,64
142903488,167,61
142903489,165,61
142903490,159,62
142903491,151,49
142903492,152,23
142903493,147,20
142903494,138,3
142903495,140,2
142903496,136,3
142903497,126,2
142903498,123,0
142903499,124,0
142903500,108,0
142903501,85,0
142903502,79,0
142903503,51,0
142903504,49,0
142903505,32,0
142903506,28,0
142903507,18,0
142903508,20,0
142903509,11,0
142903510,11,0
142903511,11,0
142903512,11,0
142903513,11,0
142903514,11,0
142903515,15,0
142903516,15,2
142903517,15,2
142903518,24,2
142903519,32,2
142903520,31,2
142903521,75,3
142903522,80,9
142903523,78,8
142903524,79,9
142903525,88,9
142903526,96,9
142903527,97,9
142903528,104,9
142903529,103,9
142903530,104,9
142903531,130,9
142903532,139,8
142903533,168,9
142903534,168,9
142903535,174,9
142903536,178,9
142903537,193,9
142903538,192,9
142903539,202,9
142903540,216,9
142903541,238,9
142903542,211,7
142903543,205,7
142903544,162,7
142903545,168,1
142903546,164,1
142903547,164,0
142903548,163,0
142903549,169,0
142903550,156,0
142903551,155,0
142903552,154,0
142903553,141,0
142903554,136,1
142903555,144,1
142903556,144,1
142903557,134,1
142903558,126,1
142903559,125,1
142903560,127,1
142903561,123,1
142903562,134,1
142903563,131,1
142903564,124,1
142903565,116,1
142903566,128,22
142903567,162,22
142903568,183,22
142903569,193,22
142903570,189,22
142903571,193,22
142903572,177,22
142903573,172,22
142903574,171,22
142903575,187,43
142903576,189,59
142903577,187,59
142903578,183,59
142903579,188,59
142903580,182,58
142903581,199,59
142903582,230,58
142903583,230,57
142903584,236,59
142903585,243,56
142903586,241,58
142903587,246,58
142903588,246,58
142903589,250,58
142903590,224,58
142903591,208,38
142903592,203,48
142903593,202,48
142903594,202,47
142903595,193,42
142903596,195,45
142903597,193,46
142903598,196,44
142903599,195,46
142903600,196,46
142903601,201,29
142903602,198,28
142903603,191,46
142903604,190,46
142903605,201,47
142903606,177,45
142903607,177,51
142903608,159,51
142903609,168,35
142903610,165,35
142903611,159,47
142903612,149,70
142903613,149,71
142903614,149,71
142903615,160,71
142903616,163,71
142903617,172,69
142903618,168,71
142903619,179,71
142903620,186,89
142903621,192,80
142903622,190,80
142903623,201,80
142903624,203,80
142903625,219,80
142903626,222,79
142903627,219,79
142903628,221,80
142903629,217,80
142903630,211,80
142903631,217,79
142903632,202,56
142903633,192,56
142903634,195,56
142903635,192,55
142903636,192,54
142903637,184,54
142903638,180,52
142903639,184,52
142903640,177,52
142903641,174,52
142903642,171,51
142903643,172,38
142903644,162,39
142903645,143,39
142903646,85,37
142903647,66,35
142903648,50,11
142903649,50,0
142903650,51,0
142903651,51,0
142903652,44,0
142903653,38,0
142903654,26,0
142903655,16,0
142903656,16,0
142903657,14,0
142903658,14,0
142903659,14,0
142903660,13,0
142903661,13,0
142903662,14,0
142903663,9,0
142903664,3,0
142903665,3,0
142903666,3,0
142903667,3,0
142903668,3,0
142903669,3,0
142903670,3,0
142903671,3,0
142903672,3,0
142903673,2,0
142903674,2,0
142903675,2,0
142903676,2,0
142903677,1,0
142903678,4,0
142903679,4,0
142903680,4,0
142903681,3,0
142903682,3,0
142903683,4,0
142903684,4,0
142903685,4,0
142903686,4,0
142903687,4,0
142903688,4,0
142903689,4,8
142903690,6,12
142903691,5,12
142903692,5,11
142903693,6,12
142903694,6,12
142903695,16,12
142903696,16,11
142903697,20,12
142903698,19,12
142903699,21,12
142903700,23,12
142903701,22,12
142903702,24,12
142903703,25,12
142903704,25,12
142903705,38,12
142903706,38,12
142903707,40,12
142903708,42,11
142903709,43,12
142903710,42,12
142903711,43,10
142903712,43,9
142903713,44,9
142903714,50,9
142903715,59,9
142903716,68,9
142903717,76,3
142903718,81,0
142903719,80,0
142903720,76,0
142903721,76,0
142903722,79,0
142903723,89,0
142903724,88,0
142903725,91,0
142903726,94,3
142903727,95,3
142903728,96,3
142903729,104,3
142903730,116,3
142903731,122,5
142903732,127,18
142903733,134,31
142903734,144,33
142903735,143,77
142903736,154,76
142903737,153,77
142903738,153,77
142903739,161,84
142903740,169,84
142903741,189,84
142903742,180,83
142903743,184,84
142903744,181,84
142903745,175,84
142903746,154,82
142903747,151,83
142903748,146,83
142903749,148,91
142903750,140,101
142903751,134,98
142903752,133,118
142903753,128,110
142903754,127,99
142903755,118,98
142903756,110,90
142903757,114,88
142903758,113,89
142903759,103,89
142903760,143,90
142903761,142,86
142903762,167,87
142903763,183,88
142903764,186,86
142903765,202,86
142903766,198,84
142903767,203,63
142903768,205,46
142903769,208,45
142903770,210,46
142903771,208,62
142903772,217,62
142903773,225,59
142903774,226,58
142903775,247,59
142903776,252,57
142903777,249,59
142903778,241,57
142903779,302,55
142903780,303,57
142903781,347,57
142903782,347,57
142903783,363,56
142903784,368,56
142903785,367,57
142903786,368,56
142903787,354,56
142903788,355,57
142903789,342,56
142903790,349,47
142903791,370,45
142903792,355,43
142903793,362,44
142903794,379,29
142903795,352,30
142903796,349,20
142903797,348,21
142903798,350,18
142903799,313,1
142903800,240,1
142903801,240,0
142903802,229,0
142903803,220,0
142903804,225,0
142903805,186,0
142903806,159,0
142903807,123,0
142903808,113,0
142903809,120,0
142903810,121,0
142903811,126,0
142903812,122,0
142903813,115,0
142903814,110,0
142903815,112,0
142903816,96,0
142903817,92,0
142903818,63,0
142903819,62,0
142903820,63,0
142903821,64,0
142903822,47,0
142903823,48,0
142903824,48,0
142903825,46,0
142903826,50,0
142903827,49,0
142903828,36,0
142903829,36,0
142903830,36,0
142903831,36,0
142903832,36,0
142903833,42,0
142903834,44,0
142903835,43,0
142903836,42,0
142903837,54,0
142903838,75,0
142903839,72,0
142903840,69,0
142903841,71,0
142903842,71,0
142903843,69,0
142903844,72,0
142903845,73,0
142903846,66,0
142903847,69,0
142903848,64,0
142903849,64,0
142903850,60,0
142903851,61,0
142903852,57,0
142903853,46,0
142903854,46,0
142903855,45,0
142903856,46,0
142903857,46,0
142903858,46,0
142903859,46,0
142903860,46,0
142903861,46,0
142903862,43,0
142903863,42,0
142903864,45,0
142903865,42,0
142903866,40,0
142903867,42,0
142903868,45,0
142903869,27,0
142903870,27,0
142903871,47,0
142903872,47,0
142903873,47,0
142903874,45,0
142903875,38,0
142903876,38,0
142903877,38,0
142903878,38,0
142903879,39,0
142903880,39,0
142903881,41,0
142903882,43,0
142903883,56,0
142903884,56,0
142903885,53,0
142903886,56,0
142903887,69,0
142903888,67,0
142903889,67,0
142903890,66,0
142903891,87,0
142903892,86,0
142903893,87,0
142903894,85,0
142903895,98,1
142903896,99,1
142903897,96,1
142903898,98,2
142903899,99,2
142903900,97,2
142903901,100,2
142903902,103,2
142903903,101,2
142903904,105,2
142903905,104,2
142903906,105,2
142903907,105,2
142903908,102,2
142903909,96,2
142903910,96,2
142903911,93,2
142903912,74,2
142903913,77,2
142903914,67,2
142903915,58,2
142903916,58,2
142903917,56,2
142903918,59,2
142903919,59,2
142903920,61,2
142903921,59,2
142903922,59,2
142903923,59,2
142903924,57,2
142903925,57,2
142903926,59,2
142903927,41,2
142903928,41,2
142903929,41,2
142903930,37,2
142903931,37,2
142903932,36,2
142903933,37,2
142903934,35,2
142903935,35,2
142903936,36,1
142903937,29,0
142903938,29,1
142903939,39,1
142903940,37,1
142903941,26,0
142903942,24,0
142903943,10,0
142903944,10,0
142903945,10,0
142903946,10,0
142903947,10,0
142903948,10,0
142903949,10,0
142903950,10,0
142903951,10,0
142903952,10,0
142903953,10,0
142903954,10,0
142903955,10,0
142903956,10,0
142903957,10,0
142903958,10,0
142903959,10,0
142903960,10,0
142903961,10,0
142903962,10,0
142903963,10,0
142903964,10,0
142903965,10,0
142903966,9,0
142903967,10,0
142903968,9,0
142903969,10,0
142903970,8,0
142903971,0,0
142903972,0,0
142903973,0,0
142903974,0,0
142903975,0,0
142903976,0,0
142903977,0,0
142903978,0,0
142903979,0,0
142903980,0,0
142903981,0,0
142903982,0,0
142903983,0,0
142903984,0,0
142903985,0,0
142903986,0,0
142903987,0,0
142903988,0,0
142903989,0,0
142903990,0,0
142903991,0,0
142903992,0,0
142903993,0,0
142903994,0,0
142903995,0,0
142903996,0,0
142903997,0,0
142903998,0,0
142903999,0,0
142904000,0,0
142904001,0,0
142904002,0,0
142904003,0,0
142904004,0,0
142904005,0,0
142904006,0,0
142904007,0,0
142904008,0,0
142904009,0,0
142904010,0,0
142904011,0,0
142904012,0,0
142904013,0,0
142904014,0,0
142904015,0,0
142904016,0,0
142904017,0,0
142904018,0,0
142904019,0,0
142904020,0,0
142904021,0,0
142904022,0,0
142904023,0,0
142904024,0,0
142904025,9,0
142904026,9,0
142904027,9,0
142904028,9,0
142904029,9,0
142904030,9,0
142904031,9,0
142904032,9,0
142904033,9,0
142904034,9,0
142904035,9,0
142904036,9,0
142904037,9,0
142904038,9,0
142904039,9,0
142904040,9,0
142904041,9,0
142904042,9,0
142904043,9,0
142904044,9,0
142904045,9,0
142904046,9,0
142904047,9,0
142904048,9,0
142904049,9,0
142904050,9,0
142904051,9,0
142904052,9,0
142904053,9,0
142904054,9,0
142904055,9,0
142904056,8,0
142904057,9,0
142904058,9,0
142904059,9,0
142904060,9,0
142904061,9,0
142904062,8,0
142904063,9,0
142904064,9,0
142904065,8,0
142904066,0,0
142904067,1,0
142904068,3,0
142904069,8,3
142904070,10,3
142904071,24,3
142904072,29,3
142904073,33,3
142904074,33,3
142904075,88,3
142904076,88,24
142904077,86,38
142904078,95,38
142904079,96,38
142904080,104,38
142904081,106,41
142904082,111,48
142904083,112,48
142904084,118,47
142904085,128,48
142904086,130,48
142904087,139,48
142904088,139,47
142904089,138,46
142904090,132,48
142904091,138,47
142904092,136,48
142904093,141,48
142904094,141,48
142904095,143,46
142904096,147,48
142904097,142,48
142904098,145,48
142904099,143,47
142904100,126,48
142904101,120,22
142904102,124,13
142904103,117,6
142904104,101,6
142904105,94,5
142904106,71,6
142904107,69,6
142904108,69,6
142904109,49,6
142904110,53,0
142904111,53,0
142904112,54,0
142904113,51,0
142904114,50,0
142904115,52,0
142904116,50,0
142904117,51,0
142904118,45,0
142904119,45,0
142904120,43,0
142904121,43,0
142904122,45,0
142904123,45,0
142904124,34,0
142904125,32,0
142904126,32,0
142904127,32,0
142904128,30,0
142904129,32,0
142904130,28,0
142904131,20,0
142904132,19,0
142904133,18,56
142904134,19,56
142904135,17,56
142904136,17,56
142904137,15,56
142904138,12,56
142904139,12,55
142904140,10,55
142904141,10,56
142904142,23,55
142904143,35,56
142904144,26,56
142904145,29,56
142904146,44,105
142904147,49,105
142904148,48,111
142904149,57,159
142904150,57,157
142904151,62,159
142904152,79,158
142904153,77,155
142904154,99,159
142904155,101,159
142904156,120,161
142904157,126,163
142904158,129,162
142904159,141,172
142904160,154,179
142904161,178,177
142904162,180,180
142904163,184,194
142904164,222,250
142904165,316,339
142904166,366,338
142904167,382,338
142904168,393,376
142904169,379,373
142904170,398,365
142904171,397,343
142904172,427,344
142904173,474,348
142904174,536,348
142904175,584,354
142904176,609,369
142904177,653,346
142904178,674,346
142904179,706,350
142904180,745,355
142904181,758,349
142904182,760,361
142904183,757,354
142904184,763,361
142904185,744,358
142904186,737,400
142904187,743,349
142904188,696,345
142904189,717,326
142904190,717,321
142904191,716,309
142904192,700,304
142904193,676,269
142904194,646,233
142904195,639,198
142904196,622,199
142904197,632,192
142904198,610,190
142904199,595,184
142904200,565,186
142904201,559,186
142904202,549,184
142904203,508,169
142904204,466,148
142904205,416,150
142904206,334,136
142904207,289,134
142904208,272,135
142904209,286,134
142904210,261,133
142904211,195,133
142904212,190,127
142904213,177,124
142904214,153,120
142904215,131,116
142904216,125,114
142904217,117,113
142904218,120,60
142904219,116,60
142904220,101,59
142904221,98,8
142904222,89,9
142904223,86,7
142904224,88,7
142904225,83,7
142904226,59,0
142904227,51,0
142904228,31,0
142904229,28,0
142904230,21,0
142904231,12,0
142904232,6,0
142904233,5,0
142904234,6,0
142904235,6,0
142904236,6,0
142904237,4,0
142904238,4,0
142904239,4,0
142904240,4,0
142904241,4,0
142904242,4,0
142904243,4,0
142904244,4,0
142904245,0,0
142904246,0,0
142904247,0,0
142904248,0,0
142904249,0,0
142904250,0,0
142904251,0,0
142904252,0,0
142904253,0,0
142904254,0,0
142904255,0,0
142904256,0,0
142904257,0,0
142904258,0,0
142904259,0,0
142904260,0,0
142904261,0,0
142904262,0,0
142904263,0,0
142904264,0,0
142904265,0,0
142904266,0,0
142904267,0,0
142904268,0,0
142904269,0,0
142904270,0,0
142904271,0,0
142904272,0,0
142904273,0,0
142904274,0,0
142904275,0,0
142904276,0,0
142904277,0,0
142904278,0,0
142904279,0,0
142904280,0,0
142904281,0,0
142904282,4,0
142904283,4,0
142904284,4,0
142904285,4,0
142904286,4,0
142904287,4,0
142904288,4,0
142904289,4,0
142904290,4,0
142904291,4,0
142904292,4,0
142904293,4,0
142904294,4,0
142904295,4,0
142904296,4,0
142904297,4,0
142904298,4,0
142904299,4,0
142904300,4,0
142904301,3,0
142904302,0,0
142904303,0,0
142904304,0,0
142904305,0,0
142904306,0,0
142904307,0,0
142904308,0,0
142904309,0,0
142904310,0,0
142904311,0,0
142904312,0,0
142904313,0,0
142904314,0,0
142904315,0,0
142904316,0,0
142904317,0,0
142904318,0,0
142904319,0,0
142904320,0,0
142904321,0,0
142904322,0,0
142904323,0,0
142904324,0,0
142904325,0,0
142904326,0,0
142904327,0,0
142904328,0,0
142904329,0,0
142904330,0,0
142904331,0,0
142904332,0,0
142904333,0,0
142904334,0,0
142904335,0,0
142904336,0,0
142904337,0,0
142904338,0,0
142904339,0,0
142904340,0,0
142904341,0,0
142904342,0,0
142904343,0,0
142904344,0,0
142904345,0,5
142904346,17,5
142904347,16,5
142904348,16,5
142904349,16,5
142904350,17,5
142904351,17,5
142904352,17,5
142904353,17,5
142904354,17,5
142904355,17,4
142904356,16,5
142904357,17,5
142904358,25,5
142904359,38,5
142904360,57,5
142904361,57,5
142904362,61,5
142904363,100,5
142904364,100,5
142904365,105,5
142904366,107,5
142904367,107,5
142904368,107,5
142904369,107,5
142904370,107,4
142904371,125,5
142904372,125,5
142904373,140,5
142904374,140,5
142904375,135,4
142904376,143,0
142904377,142,0
142904378,144,0
142904379,212,0
142904380,211,0
142904381,207,0
142904382,199,0
142904383,198,10
142904384,200,10
142904385,206,10
142904386,206,9
142904387,192,10
142904388,203,10
142904389,208,10
142904390,207,10
142904391,202,10
142904392,220,10
142904393,216,10
142904394,229,10
142904395,232,28
142904396,229,28
142904397,210,28
142904398,210,28
142904399,209,28
142904400,179,27
142904401,187,28
142904402,188,28
142904403,196,28
142904404,162,28
142904405,140,28
142904406,138,27
142904407,138,29
142904408,139,33
142904409,139,33
142904410,156,32
142904411,152,33
142904412,155,33
142904413,168,32
142904414,139,30
142904415,125,33
142904416,135,23
142904417,134,23
142904418,120,23
142904419,123,23
142904420,115,23
142904421,103,19
142904422,85,17
142904423,94,19
142904424,98,19
142904425,102,19
142904426,89,19
142904427,97,5
142904428,103,5
142904429,104,5
142904430,104,5
142904431,105,5
142904432,114,5
142904433,113,5
142904434,115,5
142904435,115,5
142904436,102,5
142904437,99,5
142904438,101,5
142904439,100,5
142904440,96,0
142904441,93,0
142904442,89,0
142904443,92,0
142904444,92,0
142904445,88,0
142904446,92,0
142904447,82,0
142904448,82,0
142904449,80,0
142904450,115,0
142904451,118,0
142904452,108,0
142904453,91,0
142904454,100,0
142904455,101,4
142904456,93,4
142904457,91,4
142904458,102,4
142904459,101,4
142904460,103,4
142904461,122,4
142904462,113,4
142904463,109,4
142904464,111,4
142904465,155,7
142904466,142,8
142904467,157,20
142904468,173,19
142904469,199,20
142904470,214,20
142904471,302,20
142904472,334,20
142904473,397,20
142904474,436,28
142904475,432,28
142904476,482,31
142904477,563,31
142904478,686,36
142904479,764,36
142904480,823,82
142904481,829,83
142904482,907,84
142904483,927,93
142904484,994,94
142904485,1082,94
142904486,1080,95
142904487,1056,94
142904488,1065,95
142904489,1066,94
142904490,1048,93
142904491,1043,103
142904492,1021,103
142904493,1065,101
142904494,1058,101
142904495,1050,117
142904496,1053,120
142904497,1019,117
142904498,1030,123
142904499,1000,118
142904500,988,113
142904501,944,109
142904502,902,104
142904503,899,105
142904504,878,94
142904505,850,93
142904506,766,50
142904507,672,49
142904508,507,47
142904509,458,38
142904510,475,38
142904511,431,37
142904512,401,38
142904513,391,37
142904514,393,37
142904515,430,38
142904516,409,38
142904517,416,66
142904518,403,64
142904519,419,66
142904520,386,63
142904521,375,64
142904522,366,55
142904523,337,55
142904524,283,55
142904525,257,54
142904526,246,38
142904527,233,38
142904528,223,37
142904529,221,37
142904530,213,37
142904531,186,36
142904532,184,47
142904533,246,46
142904534,245,46
142904535,359,45
142904536,370,38
142904537,354,39
142904538,362,39
142904539,359,39
142904540,358,39
142904541,355,39
142904542,366,39
142904543,367,40
142904544,355,40
142904545,359,40
142904546,368,40
142904547,372,40
142904548,372,39
142904549,375,39
142904550,360,38
142904551,363,38
142904552,367,38
142904553,375,38
142904554,376,37
142904555,374,37
142904556,370,11
142904557,367,11
142904558,362,11
142904559,385,11
142904560,378,11
142904561,397,29
142904562,405,29
142904563,407,79
142904564,365,79
142904565,347,79
142904566,356,78
142904567,356,78
142904568,349,77
142904569,361,77
142904570,374,79
142904571,359,88
142904572,345,82
142904573,321,89
142904574,328,91
142904575,323,96
142904576,295,96
142904577,291,97
142904578,283,96
142904579,287,95
142904580,280,97
142904581,232,96
142904582,225,95
142904583,226,96
142904584,221,95
142904585,203,95
142904586,180,97
142904587,176,95
142904588,156,46
142904589,140,47
142904590,144,47
142904591,140,41
142904592,125,38
142904593,144,39
142904594,138,35
142904595,115,18
142904596,117,19
142904597,116,19
142904598,115,18
142904599,111,18
142904600,122,17
142904601,119,18
142904602,148,15
142904603,146,18
142904604,162,17
142904605,162,17
142904606,163,17
142904607,150,17
142904608,151,16
142904609,146,17
142904610,150,18
142904611,151,13
142904612,144,10
142904613,137,0
142904614,135,0
142904615,127,0
142904616,129,0
142904617,126,0
142904618,128,0
142904619,125,0
142904620,132,0
142904621,123,0
142904622,131,0
142904623,134,0
142904624,114,0
142904625,127,0
142904626,125,0
142904627,105,0
142904628,97,0
142904629,105,0
142904630,106,0
142904631,106,0
142904632,102,0
142904633,105,0
142904634,105,0
142904635,105,0
142904636,99,0
142904637,99,0
142904638,102,0
142904639,101,0
142904640,101,0
142904641,117,0
142904642,115,0
142904643,88,0
142904644,73,0
142904645,72,0
142904646,73,0
142904647,74,0
142904648,57,0
142904649,53,0
142904650,41,0
142904651,37,0
142904652,37,0
142904653,34,0
142904654,34,0
142904655,34,0
142904656,34,0
142904657,34,41
142904658,33,41
142904659,33,41
142904660,34,41
142904661,33,40
142904662,32,41
142904663,24,41
142904664,21,41
142904665,21,41
142904666,21,41
142904667,21,39
142904668,21,41
142904669,21,41
142904670,21,38
142904671,21,41
142904672,20,39
142904673,21,41
142904674,21,42
142904675,21,40
142904676,20,42
142904677,19,36
142904678,35,38
142904679,35,42
142904680,37,37
142904681,21,1
142904682,21,1
142904683,21,1
142904684,21,1
142904685,21,1
142904686,23,1
142904687,23,1
142904688,22,1
142904689,23,1
142904690,23,1
142904691,23,1
142904692,36,1
142904693,36,1
142904694,47,1
142904695,45,1
142904696,66,1
142904697,66,1
142904698,65,1
142904699,66,1
142904700,70,1
142904701,71,1
142904702,74,1
142904703,90,1
142904704,99,1
142904705,95,1
142904706,99,1
142904707,98,1
142904708,98,1
142904709,98,1
142904710,97,1
142904711,114,1
142904712,116,1
142904713,115,1
142904714,114,1
142904715,114,0
142904716,115,0
142904717,95,0
142904718,105,0
142904719,104,0
142904720,110,0
142904721,111,0
142904722,110,0
142904723,100,0
142904724,100,0
142904725,99,0
142904726,104,0
142904727,111,0
142904728,137,0
142904729,167,0
142904730,163,15
142904731,164,15
142904732,163,15
142904733,229,15
142904734,229,14
142904735,250,15
142904736,253,15
142904737,233,15
142904738,231,15
142904739,234,15
142904740,236,15
142904741,262,14
142904742,269,15
142904743,267,15
142904744,264,15
142904745,279,15
142904746,285,15
142904747,281,15
142904748,284,15
142904749,283,15
142904750,271,15
142904751,262,15
142904752,259,15
142904753,254,15
142904754,252,15
142904755,248,15
142904756,238,15
142904757,241,15
142904758,247,15
142904759,195,14
142904760,197,15
142904761,191,15
142904762,184,15
142904763,186,15
142904764,157,12
142904765,145,14
142904766,143,15
142904767,142,0
142904768,115,0
142904769,117,0
142904770,114,0
142904771,109,0
142904772,110,0
142904773,98,0
142904774,95,0
142904775,89,0
142904776,84,0
142904777,67,0
142904778,62,0
142904779,42,0
142904780,34,0
142904781,27,0
142904782,29,0
142904783,26,0
142904784,16,0
142904785,12,0
142904786,14,0
142904787,12,0
142904788,0,0
142904789,0,0
142904790,0,0
142904791,0,0
142904792,0,0
142904793,0,0
142904794,0,0
142904795,0,0
142904796,0,0
142904797,9,0
142904798,9,0
142904799,9,0
142904800,9,0
142904801,9,0
142904802,9,0
142904803,9,0
142904804,9,0
142904805,9,0
142904806,9,0
142904807,9,0
142904808,9,0
142904809,9,0
142904810,9,0
142904811,9,0
142904812,9,0
142904813,9,0
142904814,10,0
142904815,10,0
142904816,10,0
142904817,10,0
142904818,10,0
142904819,10,0
142904820,10,0
142904821,10,0
142904822,10,0
142904823,10,0
142904824,10,0
142904825,10,0
142904826,10,0
142904827,10,0
142904828,10,0
142904829,9,0
142904830,10,0
142904831,1,0
142904832,1,0
142904833,1,0
142904834,1,0
142904835,1,0
142904836,1,0
142904837,0,0
142904838,0,0
142904839,0,0
142904840,0,0
142904841,0,0
142904842,0,0
142904843,0,0
142904844,0,0
142904845,0,0
142904846,0,0
142904847,0,0
142904848,0,0
142904849,0,0
142904850,0,0
142904851,0,0
142904852,0,0
142904853,0,0
142904854,0,0
142904855,0,0
142904856,0,0
142904857,0,0
142904858,0,0
142904859,0,0
142904860,0,0
142904861,0,0
142904862,0,0
142904863,0,0
142904864,0,0
142904865,0,0
142904866,0,0
142904867,0,0
142904868,0,0
142904869,0,0
142904870,0,0
142904871,0,0
142904872,9,0
142904873,9,0
142904874,43,0
142904875,42,0
142904876,42,0
142904877,43,0
142904878,43,0
142904879,42,0
142904880,43,0
142904881,43,0
142904882,43,0
142904883,43,0
142904884,42,0
142904885,43,0
142904886,43,0
142904887,42,0
142904888,43,0
142904889,43,0
142904890,36,0
142904891,37,0
142904892,36,0
142904893,37,0
142904894,36,0
142904895,37,0
142904896,9,0
142904897,9,0
142904898,9,0
142904899,9,0
142904900,9,0
142904901,9,0
142904902,9,0
142904903,9,0
142904904,9,0
142904905,9,0
142904906,9,0
142904907,9,0
142904908,8,0
142904909,9,0
142904910,9,0
142904911,9,0
142904912,9,0
142904913,6,0
142904914,9,0
142904915,8,0
142904916,0,0
142904917,0,0
142904918,0,0
142904919,0,0
142904920,0,0
142904921,0,0
142904922,0,0
142904923,0,0
142904924,0,0
142904925,0,0
142904926,0,0
142904927,0,0
142904928,0,0
142904929,0,0
142904930,0,0
142904931,0,0
142904932,0,0
142904933,0,0
142904934,0,0
142904935,0,0
142904936,0,0
142904937,0,0
142904938,0,0
142904939,0,0
142904940,0,0
142904941,0,0
142904942,0,0
142904943,0,0
142904944,0,0
142904945,0,0
142904946,0,0
142904947,0,0
142904948,0,0
142904949,0,0
142904950,0,0
142904951,0,0
142904952,0,0
142904953,0,0
142904954,0,0
142904955,0,0
142904956,0,0
142904957,0,0
142904958,0,0
142904959,0,0
142904960,0,0
142904961,0,0
142904962,0,0
142904963,0,0
142904964,0,0
142904965,0,0
142904966,0,0
142904967,0,0
142904968,0,0
142904969,0,0
142904970,0,0
142904971,0,0
142904972,0,0
142904973,0,0
142904974,0,0
142904975,0,0
142904976,0,0
142904977,0,0
142904978,0,0
142904979,0,0
142904980,0,0
142904981,0,0
142904982,0,0
142904983,0,0
142904984,0,0
142904985,0,0
142904986,0,0
142904987,0,0
142904988,0,0
142904989,0,0
142904990,0,0
142904991,0,0
142904992,0,0
142904993,0,0
142904994,0,0
142904995,0,0
142904996,0,0
142904997,0,0
142904998,0,0
142904999,0,0
142905000,0,0
142905001,0,0
142905002,0,0
142905003,0,0
142905004,0,0
142905005,0,0
142905006,0,0
142905007,0,0
142905008,0,0
142905009,0,0
142905010,0,0
142905011,0,0
142905012,0,0
142905013,0,0
142905014,0,0
142905015,0,0
142905016,0,0
142905017,0,0
142905018,0,0
142905019,0,0
142905020,0,0
142905021,0,0
142905022,0,0
142905023,0,0
142905024,0,0
142905025,0,0
142905026,0,0
142905027,0,0
142905028,0,0
142905029,0,0
142905030,0,0
142905031,0,0
142905032,0,0
142905033,0,0
142905034,0,0
142905035,0,0
142905036,0,0
142905037,0,0
142905038,0,0
142905039,0,0
142905040,0,0
142905041,0,0
142905042,0,0
142905043,0,0
142905044,0,0
142905045,0,0
142905046,0,0
142905047,0,0
142905048,0,0
142905049,0,0
142905050,0,0
142905051,0,0
142905052,0,0
142905053,0,0
142905054,0,0
142905055,0,0
142905056,9,0
142905057,9,0
142905058,9,0
142905059,9,0
142905060,9,0
142905061,9,0
142905062,9,0
142905063,9,0
142905064,9,0
142905065,9,0
142905066,9,0
142905067,9,0
142905068,9,0
142905069,9,0
142905070,9,0
142905071,9,0
142905072,9,0
142905073,9,0
142905074,9,0
142905075,9,0
142905076,9,0
142905077,9,0
142905078,9,0
142905079,9,0
142905080,9,0
142905081,9,0
142905082,9,0
142905083,9,0
142905084,9,0
142905085,8,0
142905086,9,0
142905087,9,0
142905088,9,0
142905089,9,0
142905090,9,0
142905091,9,0
142905092,9,0
142905093,9,0
142905094,9,0
142905095,9,0
142905096,7,0
142905097,8,0
142905098,9,0
142905099,8,0
142905100,0,0
142905101,0,0
142905102,0,0
142905103,0,0
142905104,0,0
142905105,0,0
142905106,0,0
142905107,0,0
142905108,0,0
142905109,0,0
142905110,0,0
142905111,0,0
142905112,0,0
142905113,0,0
142905114,0,0
142905115,0,0
142905116,0,0
142905117,0,0
142905118,0,0
142905119,0,0
142905120,0,0
142905121,0,0
142905122,0,0
142905123,0,0
142905124,0,0
142905125,0,0
142905126,0,0
142905127,0,0
142905128,0,0
142905129,0,0
142905130,0,0
142905131,0,0
142905132,0,0
142905133,0,0
142905134,0,0
142905135,0,0
142905136,0,0
142905137,0,0
142905138,0,0
142905139,0,0
142905140,0,0
142905141,0,0
142905142,0,0
142905143,0,0
142905144,0,0
142905145,0,0
142905146,0,0
142905147,0,0
142905148,0,0
142905149,0,0
142905150,0,0
142905151,0,0
142905152,0,0
142905153,0,0
142905154,0,0
142905155,0,0
142905156,0,0
142905157,0,0
142905158,0,0
142905159,0,0
142905160,0,0
142905161,0,0
142905162,0,0
142905163,0,0
142905164,0,0
142905165,0,0
142905166,0,0
142905167,0,0
142905168,0,0
142905169,0,0
142905170,0,0
142905171,0,0
142905172,0,0
142905173,0,0
142905174,0,0
142905175,0,0
142905176,0,0
142905177,0,0
142905178,0,0
142905179,0,0
142905180,0,0
142905181,0,0
142905182,0,0
142905183,0,0
142905184,0,0
142905185,0,0
142905186,0,0
142905187,0,0
142905188,0,0
142905189,0,0
142905190,0,0
142905191,0,0
142905192,0,0
142905193,0,0
142905194,0,0
142905195,0,0
142905196,0,0
142905197,0,0
142905198,0,0
142905199,0,0
142905200,0,0
142905201,0,0
142905202,0,0
142905203,0,0
142905204,0,0
142905205,0,0
142905206,0,0
142905207,0,0
142905208,0,0
142905209,0,0
142905210,0,0
142905211,0,0
142905212,0,0
142905213,0,0
142905214,0,0
142905215,0,0
142905216,0,0
142905217,0,0
142905218,0,0
142905219,0,0
142905220,0,0
142905221,0,0
142905222,0,0
142905223,0,0
142905224,0,0
142905225,0,0
142905226,0,0
142905227,0,0
142905228,0,0
142905229,0,0
142905230,0,0
142905231,0,0
142905232,0,0
142905233,0,0
142905234,0,0
142905235,0,0
142905236,0,7
142905237,0,8
142905238,1,8
142905239,6,8
142905240,6,8
142905241,6,8
142905242,11,8
142905243,11,8
142905244,11,8
142905245,11,8
142905246,11,8
142905247,12,7
142905248,12,8
142905249,13,7
142905250,17,8
142905251,23,8
142905252,23,8
142905253,23,8
142905254,30,8
142905255,30,8
142905256,30,8
142905257,30,8
142905258,28,8
142905259,29,8
142905260,28,8
142905261,29,8
142905262,30,8
142905263,30,8
142905264,30,8
142905265,30,8
142905266,30,8
142905267,28,8
142905268,30,8
142905269,29,8
142905270,30,8
142905271,28,0
142905272,27,0
142905273,26,0
142905274,30,0
142905275,29,0
142905276,29,0
142905277,23,0
142905278,23,0
142905279,23,0
142905280,23,0
142905281,34,0
142905282,34,0
142905283,34,0
142905284,33,0
142905285,31,0
142905286,32,0
142905287,30,0
142905288,32,0
142905289,29,0
142905290,25,0
142905291,24,0
142905292,24,0
142905293,24,0
142905294,25,0
142905295,17,0
142905296,18,0
142905297,18,0
142905298,17,0
142905299,18,0
142905300,18,0
142905301,18,0
142905302,12,0
142905303,12,0
142905304,12,0
142905305,12,0
142905306,12,0
142905307,13,0
142905308,13,0
142905309,13,0
142905310,13,0
142905311,13,0
142905312,13,0
142905313,13,0
142905314,12,0
142905315,13,0
142905316,13,0
142905317,14,0
142905318,14,0
142905319,14,0
142905320,13,0
142905321,13,0
142905322,13,0
142905323,14,0
142905324,14,0
142905325,10,0
142905326,1,0
142905327,2,0
142905328,6,0
142905329,9,0
142905330,9,0
142905331,15,0
142905332,16,0
142905333,16,0
142905334,16,0
142905335,16,0
142905336,17,0
142905337,17,0
142905338,17,0
142905339,18,0
142905340,19,0
142905341,19,0
142905342,19,0
142905343,45,0
142905344,45,0
142905345,45,0
142905346,47,0
142905347,48,0
142905348,49,0
142905349,82,13
142905350,81,13
142905351,82,12
142905352,82,13
142905353,82,14
142905354,82,14
142905355,84,14
142905356,83,15
142905357,82,37
142905358,83,38
142905359,83,59
142905360,88,61
142905361,88,60
142905362,88,61
142905363,87,60
142905364,83,61
142905365,96,60
142905366,96,61
142905367,121,61
142905368,121,61
142905369,121,65
142905370,133,64
142905371,134,65
142905372,133,66
142905373,105,67
142905374,108,68
142905375,104,68
142905376,95,69
142905377,97,65
142905378,92,46
142905379,114,48
142905380,126,48
142905381,123,49
142905382,122,48
142905383,123,44
142905384,123,46
142905385,104,45
142905386,99,46
142905387,97,46
142905388,97,46
142905389,109,33
142905390,108,32
142905391,97,23
142905392,110,21
142905393,98,21
142905394,100,7
142905395,98,7
142905396,96,7
142905397,91,7
142905398,95,7
142905399,96,7
142905400,92,7
142905401,69,7
142905402,68,7
142905403,68,6
142905404,68,6
142905405,68,6
142905406,67,6
142905407,68,6
142905408,67,6
142905409,68,3
142905410,66,3
142905411,65,3
142905412,86,3
142905413,82,3
142905414,86,3
142905415,85,0
142905416,75,0
142905417,41,0
142905418,42,0
142905419,19,0
142905420,20,0
142905421,20,0
142905422,20,0
142905423,20,2
142905424,20,2
142905425,20,2
142905426,20,2
142905427,20,2
142905428,20,2
142905429,20,2
142905430,20,2
142905431,20,2
142905432,19,2
142905433,19,2
142905434,18,2
142905435,12,2
142905436,12,2
142905437,12,2
142905438,11,2
142905439,11,2
142905440,11,2
142905441,9,2
142905442,10,2
142905443,16,2
142905444,22,2
142905445,22,2
142905446,67,2
142905447,65,2
142905448,74,2
142905449,74,3
142905450,75,3
142905451,75,3
142905452,73,3
142905453,76,3
142905454,76,3
142905455,76,3
142905456,75,3
142905457,75,1
142905458,76,1
142905459,75,1
142905460,76,1
142905461,76,1
142905462,75,1
142905463,75,1
142905464,76,1
142905465,75,1
142905466,76,1
142905467,76,1
142905468,75,1
142905469,72,1
142905470,73,1
142905471,63,1
142905472,63,1
142905473,61,1
142905474,63,1
142905475,63,1
142905476,63,1
142905477,64,1
142905478,46,0
142905479,10,0
142905480,3,0
142905481,2,0
142905482,2,0
142905483,2,0
142905484,1,0
142905485,0,0
142905486,0,0
142905487,0,0
142905488,0,0
142905489,0,0
142905490,0,0
142905491,0,0
142905492,0,0
142905493,0,0
142905494,0,0
142905495,0,0
142905496,0,0
142905497,0,0
142905498,0,0
142905499,0,0
142905500,0,0
142905501,0,0
142905502,0,0
142905503,0,0
142905504,0,0
142905505,0,0
142905506,0,0
142905507,0,0
142905508,0,0
142905509,0,0
142905510,0,0
142905511,0,0
142905512,0,0
142905513,0,0
142905514,0,0
142905515,0,0
142905516,0,0
142905517,0,0
142905518,0,0
142905519,0,0
142905520,0,0
142905521,0,0
142905522,0,0
142905523,0,0
142905524,0,0
142905525,0,0
142905526,0,0
142905527,0,0
142905528,0,0
142905529,0,0
142905530,0,0
142905531,0,0
142905532,0,0
142905533,0,0
142905534,0,0
142905535,0,0
142905536,0,0
142905537,0,0
142905538,0,0
142905539,0,0
142905540,0,0
142905541,0,0
142905542,0,0
142905543,0,0
142905544,0,0
142905545,0,0
142905546,0,0
142905547,0,0
142905548,0,0
142905549,0,0
142905550,0,0
142905551,0,0
142905552,0,0
142905553,0,0
142905554,0,0
142905555,0,0
142905556,0,0
142905557,0,0
142905558,0,0
142905559,0,0
142905560,0,0
142905561,0,0
142905562,0,0
142905563,0,0
142905564,0,0
142905565,0,0
142905566,0,0
142905567,0,0
142905568,0,0
142905569,0,0
142905570,0,0
142905571,0,0
142905572,0,0
142905573,0,0
142905574,0,0
142905575,15,0
142905576,15,0
142905577,15,0
142905578,15,0
142905579,13,0
142905580,13,0
142905581,15,0
142905582,21,0
142905583,20,0
142905584,21,0
142905585,21,0
142905586,21,0
142905587,21,0
142905588,21,0
142905589,21,0
142905590,21,0
142905591,21,3
142905592,21,3
142905593,21,3
142905594,21,3
142905595,30,3
142905596,30,3
142905597,42,3
142905598,41,3
142905599,85,3
142905600,83,3
142905601,89,3
142905602,91,3
142905603,96,3
142905604,103,3
142905605,104,3
142905606,105,3
142905607,109,3
142905608,110,3
142905609,106,3
142905610,106,3
142905611,106,3
142905612,103,3
142905613,103,3
142905614,108,3
142905615,109,3
142905616,113,3
142905617,112,3
142905618,104,2
142905619,106,3
142905620,114,3
142905621,114,3
142905622,113,3
142905623,120,3
142905624,95,0
142905625,93,0
142905626,92,0
142905627,93,0
142905628,92,0
142905629,92,0
142905630,87,0
142905631,86,0
142905632,87,0
142905633,129,0
142905634,100,0
142905635,98,0
142905636,100,0
142905637,107,0
142905638,95,0
142905639,96,0
142905640,89,0
142905641,90,0
142905642,90,0
142905643,90,0
142905644,84,0
142905645,80,0
142905646,79,0
142905647,78,0
142905648,78,0
142905649,77,0
142905650,79,0
142905651,113,0
142905652,112,0
142905653,112,0
142905654,116,0
142905655,119,0
142905656,126,0
142905657,125,0
142905658,130,0
142905659,126,0
142905660,125,0
142905661,118,0
142905662,159,0
142905663,162,0
142905664,172,0
142905665,126,0
142905666,126,0
142905667,125,0
142905668,135,0
142905669,132,0
142905670,135,0
142905671,134,0
142905672,124,0
142905673,121,0
142905674,114,0
142905675,114,0
142905676,114,0
142905677,114,0
142905678,108,0
142905679,103,0
142905680,101,0
142905681,99,0
142905682,97,0
142905683,93,0
142905684,83,0
142905685,83,0
142905686,83,0
142905687,82,0
142905688,82,0
142905689,79,0
142905690,50,0
142905691,47,0
142905692,46,0
142905693,44,0
142905694,42,0
142905695,46,0
142905696,42,0
142905697,33,0
142905698,33,0
142905699,33,0
142905700,33,0
142905701,32,0
142905702,34,0
142905703,34,0
142905704,34,0
142905705,34,0
142905706,34,0
142905707,34,0
142905708,34,0
142905709,34,0
142905710,34,0
142905711,34,0
142905712,34,0
142905713,32,0
142905714,34,0
142905715,34,0
142905716,33,0
142905717,34,0
142905718,34,0
142905719,33,0
142905720,33,0
142905721,32,0
142905722,31,0
142905723,34,0
142905724,33,0
142905725,33,0
142905726,34,0
142905727,28,0
142905728,0,0
142905729,0,0
142905730,0,0
142905731,0,0
142905732,0,0
142905733,0,0
142905734,0,0
142905735,0,0
142905736,0,0
142905737,0,0
142905738,0,0
142905739,0,0
142905740,0,0
142905741,0,0
142905742,0,0
142905743,0,0
142905744,0,0
142905745,0,0
142905746,0,0
142905747,0,0
142905748,0,0
142905749,0,0
142905750,0,0
142905751,0,0
142905752,0,0
142905753,0,0
142905754,0,0
142905755,0,0
142905756,0,0
142905757,0,0
142905758,0,0
142905759,0,0
142905760,0,0
142905761,0,0
142905762,0,0
142905763,0,0
142905764,0,0
142905765,0,0
142905766,0,0
142905767,0,0
142905768,0,0
142905769,0,0
142905770,0,0
142905771,0,0
142905772,0,0
142905773,0,0
142905774,0,0
142905775,0,0
142905776,0,0
142905777,0,0
142905778,0,0
142905779,0,0
142905780,0,0
142905781,0,0
142905782,0,0
142905783,0,0
142905784,0,0
142905785,0,0
142905786,0,0
142905787,0,0
142905788,0,0
142905789,0,0
142905790,0,0
142905791,0,0
142905792,0,0
142905793,0,0
142905794,0,0
142905795,0,0
142905796,0,0
142905797,0,0
142905798,0,0
142905799,0,0
142905800,0,0
142905801,0,0
142905802,0,0
142905803,0,0
142905804,0,0
142905805,0,0
142905806,0,0
142905807,0,0
142905808,0,0
142905809,0,0
142905810,0,0
142905811,0,0
142905812,0,0
142905813,0,0
142905814,0,0
142905815,0,0
142905816,0,0
142905817,0,0
142905818,0,0
142905819,0,0
142905820,0,0
142905821,0,0
142905822,0,0
142905823,0,0
142905824,0,0
142905825,0,0
142905826,0,0
142905827,0,0
142905828,0,0
142905829,0,0
142905830,0,0
142905831,0,0
142905832,0,0
142905833,0,0
142905834,0,0
142905835,0,0
142905836,0,0
142905837,0,0
142905838,0,0
142905839,0,0
142905840,0,0
142905841,0,0
142905842,0,0
142905843,0,0
142905844,0,0
142905845,0,0
142905846,0,0
142905847,0,0
142905848,0,0
142905849,0,0
142905850,0,0
142905851,0,0
142905852,0,0
142905853,0,0
142905854,0,0
142905855,0,0
142905856,0,0
142905857,0,0
142905858,0,0
142905859,0,0
142905860,0,0
142905861,0,0
142905862,0,0
142905863,0,0
142905864,0,0
142905865,0,0
142905866,0,0
142905867,0,0
142905868,0,0
142905869,0,0
142905870,0,0
142905871,0,0
142905872,0,0
142905873,0,0
142905874,0,0
142905875,0,0
142905876,0,0
142905877,0,0
142905878,0,0
142905879,0,0
142905880,0,0
142905881,0,0
142905882,0,0
142905883,0,0
142905884,0,0
142905885,0,0
142905886,0,0
142905887,0,0
142905888,0,0
142905889,0,0
142905890,0,0
142905891,0,0
142905892,0,0
142905893,0,0
142905894,0,0
142905895,0,0
142905896,0,0
142905897,0,0
142905898,0,0
142905899,0,0
142905900,0,0
142905901,0,0
142905902,0,0
142905903,0,0
142905904,0,0
142905905,0,0
142905906,0,0
142905907,0,0
142905908,0,0
142905909,0,0
142905910,0,0
142905911,0,0
142905912,0,0
142905913,0,0
142905914,0,0
142905915,0,0
142905916,0,0
142905917,0,0
142905918,0,0
142905919,0,0
142905920,0,0
142905921,0,0
142905922,0,0
142905923,0,0
142905924,0,0
142905925,0,0
142905926,0,0
142905927,0,0
142905928,0,0
142905929,0,0
142905930,0,0
142905931,0,0
142905932,0,0
142905933,0,0
142905934,0,0
142905935,0,0
142905936,0,0
142905937,0,0
142905938,0,0
142905939,0,0
142905940,0,0
142905941,0,0
142905942,0,0
142905943,0,0
142905944,0,0
142905945,0,0
142905946,0,0
142905947,0,0
142905948,0,0
142905949,0,0
142905950,0,0
142905951,0,0
142905952,0,0
142905953,0,0
142905954,0,0
142905955,0,0
142905956,0,0
142905957,0,0
142905958,6,0
142905959,6,0
142905960,6,0
142905961,6,0
142905962,6,0
142905963,6,0
142905964,5,0
142905965,6,0
142905966,6,0
142905967,6,0
142905968,6,0
142905969,6,0
142905970,6,0
142905971,6,0
142905972,6,0
142905973,6,0
142905974,6,0
142905975,0,0
142905976,0,0
142905977,0,0
142905978,0,0
142905979,0,0
142905980,0,0
142905981,0,0
142905982,0,0
142905983,0,0
142905984,0,0
142905985,0,0
142905986,0,0
142905987,0,0
142905988,0,0
142905989,0,0
142905990,0,0
142905991,0,0
142905992,0,0
142905993,0,0
142905994,0,0
142905995,0,0
142905996,0,0
142905997,0,0
142905998,0,0
142905999,0,0
142906000,0,0
142906001,0,0
142906002,0,0
142906003,0,0
142906004,0,0
142906005,0,0
142906006,0,0
142906007,0,0
142906008,0,0
142906009,0,0
142906010,0,0
142906011,0,0
142906012,0,0
142906013,0,0
142906014,0,0
142906015,0,0
142906016,0,0
142906017,0,0
142906018,0,0
142906019,0,0
142906020,0,0
142906021,4,0
142906022,34,0
142906023,34,0
142906024,34,0
142906025,33,0
142906026,34,0
142906027,34,0
142906028,33,0
142906029,33,0
142906030,35,0
142906031,35,0
142906032,35,0
142906033,34,0
142906034,35,0
142906035,35,0
142906036,35,0
142906037,35,0
142906038,35,0
142906039,30,0
142906040,29,0
142906041,30,0
142906042,30,0
142906043,30,0
142906044,30,0
142906045,0,0
142906046,0,0
142906047,0,0
142906048,0,0
142906049,0,0
142906050,0,0
142906051,0,0
142906052,0,0
142906053,0,0
142906054,0,0
142906055,0,0
142906056,0,0
142906057,0,0
142906058,0,0
142906059,0,0
142906060,0,0
142906061,0,0
142906062,0,0
142906063,0,0
142906064,0,0
142906065,0,0
142906066,0,0
142906067,0,0
142906068,0,0
142906069,0,0
142906070,0,0
142906071,0,0
142906072,0,0
142906073,0,0
142906074,0,0
142906075,0,0
142906076,0,0
142906077,0,0
142906078,0,0
142906079,0,0
142906080,0,0
142906081,0,0
142906082,0,0
142906083,0,0
142906084,0,0
142906085,0,0
142906086,0,0
142906087,0,0
142906088,0,0
142906089,0,0
142906090,0,0
142906091,0,0
142906092,0,0
142906093,0,0
142906094,0,0
142906095,0,0
142906096,0,0
142906097,0,0
142906098,0,0
142906099,0,0
142906100,0,0
142906101,0,0
142906102,0,0
142906103,0,0
142906104,0,0
142906105,0,0
142906106,0,0
142906107,0,0
142906108,0,0
142906109,0,0
142906110,0,0
142906111,0,0
142906112,0,0
142906113,0,0
142906114,0,0
142906115,0,0
142906116,0,0
142906117,0,0
142906118,0,0
142906119,0,0
142906120,0,0
142906121,0,0
142906122,0,0
142906123,0,0
142906124,0,0
142906125,0,0
142906126,0,0
142906127,0,0
142906128,0,0
142906129,0,0
142906130,0,0
142906131,0,0
142906132,0,0
142906133,0,0
142906134,0,0
142906135,0,0
142906136,0,0
142906137,0,0
142906138,0,0
142906139,0,0
142906140,0,0
142906141,0,0
142906142,0,0
142906143,0,0
142906144,0,0
142906145,0,0
142906146,0,0
142906147,0,0
142906148,0,0
142906149,0,0
142906150,0,0
142906151,0,0
142906152,0,0
142906153,0,0
142906154,0,0
142906155,0,0
142906156,0,0
142906157,0,0
142906158,0,0
142906159,0,0
142906160,0,0
142906161,0,0
142906162,0,0
142906163,0,0
142906164,0,0
142906165,0,0
142906166,0,0
142906167,0,0
142906168,0,0
142906169,0,0
142906170,0,0
142906171,0,0
142906172,0,0
142906173,0,0
142906174,0,0
142906175,0,0
142906176,0,0
142906177,0,0
142906178,0,0
142906179,0,0
142906180,0,0
142906181,0,0
142906182,0,0
142906183,0,0
142906184,0,0
142906185,0,0
142906186,0,0
142906187,0,0
142906188,0,0
142906189,0,0
142906190,0,0
142906191,0,0
142906192,0,0
142906193,0,0
142906194,0,0
142906195,0,0
142906196,0,0
142906197,0,0
142906198,0,0
142906199,0,0
142906200,0,0
142906201,0,0
142906202,0,0
142906203,0,0
142906204,0,0
142906205,0,0
142906206,0,0
142906207,0,0
142906208,0,0
142906209,0,0
142906210,0,0
142906211,0,0
142906212,0,0
142906213,0,0
142906214,0,0
142906215,0,0
142906216,0,0
142906217,0,0
142906218,0,0
142906219,0,0
142906220,0,0
142906221,0,0
142906222,0,0
142906223,0,0
142906224,0,0
142906225,0,0
142906226,0,0
142906227,0,0
142906228,0,0
142906229,0,0
142906230,0,0
142906231,0,0
142906232,0,0
142906233,0,0
142906234,0,0
142906235,0,0
142906236,0,0
142906237,0,0
142906238,0,0
142906239,0,0
142906240,0,0
142906241,0,0
142906242,0,0
142906243,0,0
142906244,0,0
142906245,0,0
142906246,0,0
142906247,0,0
142906248,0,0
142906249,0,0
142906250,0,0
142906251,0,0
142906252,0,0
142906253,0,0
142906254,0,0
142906255,0,0
142906256,0,0
142906257,0,0
142906258,0,0
142906259,0,0
142906260,0,0
142906261,0,0
142906262,0,0
142906263,0,0
142906264,0,0
142906265,0,0
142906266,0,0
142906267,0,0
142906268,0,0
142906269,0,0
142906270,0,0
142906271,0,0
142906272,0,0
142906273,0,0
142906274,0,0
142906275,0,0
142906276,0,0
142906277,0,0
142906278,0,0
142906279,0,0
142906280,0,0
142906281,0,0
142906282,0,0
142906283,0,0
142906284,0,0
142906285,0,0
142906286,0,0
142906287,0,0
142906288,0,0
142906289,0,0
142906290,0,0
142906291,0,0
142906292,0,0
142906293,0,0
142906294,0,0
142906295,0,0
142906296,0,0
142906297,0,0
142906298,0,0
142906299,0,0
142906300,0,0
142906301,0,0
142906302,0,0
142906303,0,0
142906304,0,0
142906305,0,0
142906306,0,0
142906307,0,0
142906308,0,0
142906309,0,0
142906310,0,0
142906311,0,0
142906312,0,0
142906313,0,0
142906314,0,0
142906315,0,0
142906316,0,0
142906317,0,0
142906318,0,0
142906319,0,0
142906320,0,0
142906321,0,0
142906322,0,0
142906323,0,0
142906324,0,0
142906325,0,0
142906326,0,0
142906327,0,0
142906328,0,0
142906329,0,0
142906330,0,0
142906331,0,0
142906332,0,0
142906333,0,0
142906334,0,0
142906335,0,0
142906336,0,0
142906337,0,0
142906338,0,0
142906339,0,0
142906340,1,0
142906341,1,0
142906342,1,0
142906343,1,0
142906344,1,0
142906345,1,0
142906346,1,0
142906347,1,0
142906348,1,0
142906349,1,0
142906350,1,0
142906351,1,0
142906352,1,0
142906353,1,0
142906354,1,0
142906355,1,0
142906356,1,0
142906357,1,0
142906358,1,0
142906359,1,0
142906360,4,0
142906361,4,0
142906362,4,0
142906363,4,0
142906364,4,0
142906365,4,0
142906366,3,0
142906367,4,0
142906368,3,0
142906369,4,0
142906370,4,0
142906371,4,0
142906372,4,0
142906373,3,0
142906374,4,0
142906375,4,0
142906376,3,0
142906377,1,0
142906378,1,0
142906379,0,0
142906380,0,0
142906381,0,0
142906382,0,0
142906383,0,0
142906384,0,0
142906385,0,0
142906386,0,0
142906387,0,0
142906388,0,0
142906389,0,0
142906390,0,0
142906391,0,0
142906392,0,0
142906393,0,0
142906394,0,0
142906395,0,0
142906396,0,0
142906397,0,0
142906398,0,0
142906399,0,0
142906400,0,0
142906401,0,0
142906402,0,0
142906403,0,0
142906404,0,0
142906405,0,0
142906406,0,0
142906407,0,0
142906408,0,0
142906409,0,0
142906410,0,0
142906411,0,0
142906412,0,0
142906413,0,0
142906414,0,0
142906415,0,0
142906416,0,0
142906417,0,0
142906418,0,0
142906419,0,0
142906420,0,0
142906421,0,0
142906422,0,0
142906423,0,0
142906424,0,0
142906425,0,0
142906426,0,0
142906427,0,0
142906428,0,0
142906429,0,0
142906430,0,0
142906431,0,0
142906432,0,0
142906433,0,0
142906434,0,0
142906435,0,0
142906436,0,0
142906437,0,0
142906438,0,0
142906439,0,0
142906440,0,0
142906441,0,0
142906442,0,0
142906443,0,0
142906444,0,0
142906445,0,0
142906446,0,0
142906447,0,0
142906448,0,0
142906449,0,0
142906450,0,0
142906451,0,0
142906452,7,0
142906453,7,0
142906454,7,0
142906455,7,0
142906456,7,0
142906457,7,0
142906458,7,0
142906459,7,0
142906460,7,0
142906461,7,0
142906462,7,0
142906463,6,0
142906464,7,0
142906465,7,0
142906466,7,0
142906467,7,0
142906468,12,0
142906469,12,0
142906470,12,0
142906471,12,0
142906472,12,0
142906473,12,0
142906474,12,0
142906475,5,0
142906476,4,0
142906477,5,0
142906478,5,0
142906479,5,0
142906480,5,0
142906481,5,0
142906482,5,0
142906483,5,0
142906484,5,0
142906485,3,0
142906486,5,0
142906487,4,0
142906488,0,0
142906489,0,0
142906490,0,0
142906491,0,0
142906492,0,0
142906493,0,0
142906494,0,0
142906495,0,0
142906496,0,0
142906497,0,0
142906498,0,0
142906499,0,0
142906500,0,0
142906501,0,0
142906502,0,0
142906503,0,0
142906504,0,0
142906505,0,0
142906506,0,0
142906507,0,0
142906508,0,0
142906509,0,0
142906510,0,0
142906511,0,0
142906512,0,0
142906513,0,0
142906514,0,0
142906515,0,0
142906516,0,0
142906517,0,0
142906518,0,0
142906519,0,0
142906520,0,0
142906521,0,0
142906522,0,0
142906523,0,0
142906524,0,0
142906525,0,0
142906526,0,0
142906527,0,0
142906528,0,0
142906529,0,0
142906530,0,0
142906531,0,0
142906532,0,0
142906533,0,0
142906534,0,0
142906535,0,0
142906536,0,0
142906537,0,0
142906538,0,0
142906539,0,0
142906540,0,0
142906541,0,0
142906542,0,0
142906543,0,0
142906544,0,0
142906545,0,0
142906546,0,0
142906547,0,0
142906548,0,0
142906549,0,0
142906550,0,0
142906551,0,0
142906552,0,0
142906553,0,0
142906554,0,0
142906555,0,0
142906556,0,0
142906557,0,0
142906558,0,0
142906559,0,0
142906560,0,0
142906561,0,0
142906562,0,0
142906563,0,0
142906564,0,0
142906565,0,0
142906566,0,0
142906567,0,0
142906568,0,0
142906569,0,0
142906570,0,0
142906571,0,0
142906572,0,0
142906573,0,0
142906574,0,0
142906575,0,0
142906576,0,0
142906577,0,0
142906578,0,0
142906579,0,0
142906580,0,0
142906581,0,0
142906582,0,0
142906583,0,0
142906584,0,0
142906585,0,0
142906586,0,0
142906587,0,0
142906588,0,0
142906589,0,0
142906590,0,0
142906591,0,0
142906592,0,0
142906593,0,0
142906594,0,0
142906595,0,0
142906596,0,0
142906597,0,0
142906598,0,0
142906599,0,0
142906600,0,0
142906601,0,0
142906602,0,0
142906603,0,0
142906604,0,0
142906605,0,0
142906606,0,0
142906607,0,0
142906608,0,0
142906609,0,0
142906610,0,0
142906611,0,0
142906612,0,0
142906613,0,0
142906614,0,0
142906615,0,0
142906616,0,0
142906617,0,0
142906618,0,0
142906619,0,0
142906620,0,0
142906621,0,0
142906622,0,0
142906623,0,0
142906624,0,0
142906625,0,0
142906626,0,0
142906627,0,0
142906628,0,0
142906629,0,0
142906630,0,0
142906631,0,0
142906632,0,0
142906633,0,0
142906634,0,0
142906635,0,0
142906636,0,0
142906637,0,0
142906638,0,0
142906639,0,0
142906640,0,0
142906641,0,0
142906642,0,0
142906643,4,0
142906644,4,0
142906645,4,0
142906646,4,0
142906647,9,0
142906648,9,0
142906649,9,0
142906650,21,0
142906651,23,0
142906652,23,0
142906653,23,0
142906654,23,0
142906655,23,0
142906656,23,0
142906657,23,0
142906658,23,0
142906659,26,0
142906660,28,0
142906661,33,0
142906662,33,0
142906663,58,0
142906664,73,0
142906665,74,0
142906666,79,0
142906667,87,0
142906668,88,0
142906669,111,1
142906670,112,1
142906671,116,1
142906672,123,1
142906673,122,1
142906674,124,1
142906675,124,1
142906676,122,1
142906677,114,1
142906678,114,1
142906679,118,1
142906680,111,1
142906681,120,1
142906682,119,1
142906683,118,1
142906684,93,1
142906685,84,1
142906686,75,1
142906687,74,1
142906688,71,1
142906689,65,1
142906690,49,1
142906691,28,1
142906692,28,1
142906693,28,1
142906694,37,1
142906695,38,1
142906696,37,1
142906697,22,1
142906698,22,1
142906699,22,1
142906700,22,1
142906701,22,1
142906702,22,1
142906703,20,1
142906704,20,1
142906705,20,0
142906706,20,0
142906707,18,0
142906708,16,0
142906709,16,0
142906710,16,0
142906711,16,0
142906712,15,0
142906713,16,0
142906714,16,0
142906715,16,0
142906716,16,0
142906717,14,0
142906718,16,0
142906719,16,0
142906720,10,0
142906721,0,0
142906722,0,0
142906723,0,0
142906724,0,0
142906725,0,0
142906726,0,0
142906727,0,0
142906728,0,0
142906729,0,0
142906730,0,0
142906731,0,0
142906732,0,0
142906733,0,0
142906734,0,0
142906735,0,0
142906736,0,0
142906737,0,0
142906738,0,0
142906739,0,0
142906740,0,0
142906741,0,0
142906742,0,0
142906743,0,0
142906744,0,0
142906745,0,0
142906746,0,0
142906747,0,0
142906748,0,0
142906749,0,0
142906750,0,0
142906751,0,0
142906752,0,0
142906753,0,0
142906754,0,0
142906755,0,0
142906756,0,0
142906757,0,0
142906758,0,0
142906759,0,0
142906760,0,0
142906761,0,0
142906762,0,0
142906763,0,0
142906764,0,0
142906765,0,0
142906766,0,0
142906767,0,0
142906768,0,0
142906769,0,0
142906770,0,0
142906771,0,0
142906772,0,0
142906773,0,0
142906774,0,0
142906775,0,0
142906776,0,0
142906777,0,0
142906778,0,0
142906779,0,0
142906780,0,0
142906781,0,0
142906782,0,0
142906783,0,0
142906784,0,0
142906785,0,0
142906786,0,0
142906787,0,0
142906788,0,0
142906789,0,0
142906790,0,0
142906791,0,0
142906792,0,0
142906793,0,0
142906794,0,0
142906795,0,0
142906796,0,0
142906797,0,0
142906798,0,0
142906799,0,0
142906800,0,0
142906801,0,0
142906802,0,0
142906803,0,0
142906804,0,0
142906805,0,0
142906806,0,0
142906807,0,0
142906808,0,0
142906809,0,0
142906810,0,0
142906811,0,0
142906812,0,0
142906813,0,0
142906814,0,0
142906815,0,0
142906816,0,0
142906817,0,0
142906818,0,0
142906819,0,0
142906820,0,0
142906821,0,0
142906822,0,0
142906823,0,0
142906824,0,0
142906825,0,0
142906826,0,0
142906827,0,0
142906828,0,0
142906829,0,0
142906830,0,0
142906831,0,0
142906832,0,0
142906833,0,0
142906834,0,0
142906835,0,0
142906836,0,0
142906837,0,0
142906838,0,0
142906839,0,0
142906840,0,0
142906841,0,0
142906842,0,0
142906843,0,0
142906844,0,0
142906845,0,0
142906846,0,0
142906847,0,0
142906848,0,0
142906849,0,0
142906850,0,0
142906851,0,0
142906852,0,0
142906853,0,0
142906854,0,0
142906855,0,0
142906856,0,0
142906857,0,0
142906858,0,0
142906859,0,0
142906860,0,0
142906861,0,0
142906862,0,0
142906863,0,0
142906864,0,0
142906865,0,0
142906866,0,0